step,seconds,pairs_seen,reservoir,loss,l_alive,l_state,l_bits,l_energy,test_alive_acc,test_state_acc,test_bits_acc,test_genome_acc,test_energy_mae,copy_state_acc,copy_genome_acc,copy_alive_acc
1000,197.7,903,400,1.2823,0.0355,0.9028,0.3088,0.0088,nan,nan,nan,nan,nan,nan,nan,nan
2000,389.4,1610,400,0.4541,0.0253,0.3793,0.0315,0.0045,nan,nan,nan,nan,nan,nan,nan,nan
3000,589.6,1800,400,0.2925,0.021,0.2425,0.0156,0.0034,0.9957,0.9449,0.9977,0.9751,14.5895,0.4964,0.9905,0.9941
4000,790.5,1800,400,0.2787,0.0209,0.2355,0.013,0.0023,0.9963,0.9548,0.9981,0.9828,5.4378,0.4964,0.9905,0.9941
5000,991.2,1800,400,0.2566,0.0227,0.2088,0.0147,0.0026,0.9961,0.9558,0.9971,0.9493,7.1951,0.4964,0.9905,0.9941
6000,1192.3,1800,400,0.2224,0.0183,0.1919,0.0069,0.0013,0.9965,0.9623,0.9986,0.9857,5.4642,0.4964,0.9905,0.9941
7000,1393.4,1800,400,0.2793,0.0173,0.2512,0.0067,0.001,0.9968,0.9647,0.9989,0.9879,4.0595,0.4964,0.9905,0.9941
8000,1594.0,1800,400,0.2416,0.0173,0.2146,0.0055,0.001,0.9968,0.9663,0.999,0.989,3.6096,0.4964,0.9905,0.9941
9000,1801.9,1800,400,0.3205,0.0186,0.2913,0.0061,0.0011,0.997,0.9673,0.9991,0.9898,4.1647,0.4964,0.9905,0.9941
10000,2005.3,1800,400,0.2631,0.0173,0.2366,0.0055,0.0009,0.9969,0.9688,0.9991,0.9898,3.4248,0.4964,0.9905,0.9941
11000,2206.4,1800,400,0.2438,0.0171,0.2142,0.0059,0.0016,0.9967,0.9685,0.9991,0.9897,5.4074,0.4964,0.9905,0.9941
12000,2407.8,1800,400,0.2177,0.0166,0.1933,0.0045,0.0008,0.9972,0.9709,0.9992,0.9913,3.1803,0.4964,0.9905,0.9941
13000,2609.0,1800,400,0.2795,0.0173,0.252,0.005,0.0013,0.9972,0.9716,0.9992,0.9909,2.9794,0.4964,0.9905,0.9941
14000,2810.1,1800,400,0.1943,0.0157,0.1725,0.0036,0.0006,0.9974,0.9726,0.9993,0.992,1.9036,0.4964,0.9905,0.9941
15000,3011.4,1800,400,0.2229,0.0159,0.1999,0.0042,0.0007,0.9974,0.9731,0.9994,0.9922,2.5081,0.4964,0.9905,0.9941
16000,3212.8,1800,400,0.2285,0.0151,0.2072,0.0037,0.0006,0.9975,0.9736,0.9994,0.9924,1.6767,0.4964,0.9905,0.9941
17000,3414.5,1800,400,0.2648,0.0158,0.241,0.0047,0.0008,0.9975,0.9734,0.9993,0.9916,1.9921,0.4964,0.9905,0.9941
18000,3615.7,1800,400,0.1434,0.0149,0.1237,0.0029,0.0005,0.9975,0.9742,0.9994,0.9925,1.7675,0.4964,0.9905,0.9941
19000,3817.0,1800,400,0.1681,0.0146,0.1477,0.0035,0.0006,0.9976,0.9747,0.9994,0.9925,1.9488,0.4964,0.9905,0.9941
20000,4018.2,1800,400,0.2065,0.0157,0.1847,0.0035,0.0006,0.9976,0.975,0.9994,0.9926,1.9798,0.4964,0.9905,0.9941
21000,4219.3,1800,400,0.174,0.015,0.1538,0.0031,0.0005,0.9976,0.9751,0.9994,0.9927,1.5211,0.4964,0.9905,0.9941
22000,4422.5,1800,400,0.1317,0.014,0.1133,0.0028,0.0004,0.9976,0.9755,0.9994,0.9928,1.5103,0.4964,0.9905,0.9941
23000,4623.3,1800,400,0.3738,0.0159,0.3492,0.0049,0.001,0.9977,0.9755,0.9995,0.9929,1.4361,0.4964,0.9905,0.9941
24000,4824.2,1800,400,0.2717,0.0149,0.2503,0.0036,0.0007,0.9977,0.9758,0.9995,0.993,1.3004,0.4964,0.9905,0.9941
25000,5025.3,1800,400,0.1278,0.014,0.1096,0.0026,0.0004,0.9977,0.9759,0.9995,0.9931,1.2357,0.4964,0.9905,0.9941
26000,5226.4,1800,400,0.1378,0.0143,0.1194,0.0025,0.0004,0.9977,0.976,0.9995,0.9932,1.2974,0.4964,0.9905,0.9941
27000,5427.5,1800,400,0.2193,0.0138,0.1996,0.0034,0.0006,0.9977,0.9761,0.9995,0.9932,1.2384,0.4964,0.9905,0.9941
28000,5628.7,1800,400,0.3178,0.0171,0.2935,0.004,0.0008,0.9977,0.9762,0.9995,0.9932,1.2317,0.4964,0.9905,0.9941
29000,5830.1,1800,400,0.1612,0.0145,0.1419,0.0029,0.0005,0.9977,0.9762,0.9995,0.9932,1.2173,0.4964,0.9905,0.9941
30000,6031.5,1800,400,0.1784,0.0144,0.1592,0.0029,0.0005,0.9977,0.9762,0.9995,0.9932,1.2184,0.4964,0.9905,0.9941
