tick,live,births,faithful,mutant,deaths_age,deaths_reaper,placements,rays,distinct_genomes,entropy,singletons,top_count,top_genome,parasites,out_readers,fertile,new_genomes,genomes_ever,shadow_distinct,shadow_entropy,shadow_singletons,shadow_new,shadow_ever
0,65536,0,0,0,0,0,61440,0,59906,15.7319,57732,12,0x0016885ce8,0,0,0,2174,2174,59906,15.7319,57732,2174,2174
1000,65536,802,445,357,2031582,802,2093022,0,58270,15.5402,55225,965,0x0000000000,27065,32865,0,3045,5219,58280,15.5381,55261,3019,5193
2000,65536,806,448,358,4063214,806,4124654,0,53345,15.0621,49247,2152,0x0000000000,23715,24300,0,3136,8355,53316,15.0607,49205,3149,8342
3000,65536,806,448,358,6094833,806,6156273,0,50147,14.7174,45223,3044,0x0000000000,22371,20658,0,2992,11347,50165,14.7170,45249,2979,11321
4000,65536,806,448,358,8191194,806,8252634,0,48205,14.5206,42660,3426,0x0000000000,389,195,0,2737,14084,48219,14.5235,42670,2730,14051
5000,65536,806,448,358,10223578,806,10285018,0,47517,14.4341,41322,3606,0x0000000000,21342,17508,0,2583,16667,47512,14.4328,41316,2591,16642
6000,65536,806,448,358,12255214,806,12316654,0,46721,14.3535,40019,3809,0x0000000000,21270,16901,0,2379,19046,46730,14.3521,40044,2376,19018
7000,65536,806,448,358,14286833,806,14348273,0,46625,14.3370,39592,3909,0x0000000000,21214,16853,0,2208,21254,46609,14.3379,39589,2206,21224
8000,65536,806,448,358,16383194,806,16444634,0,46263,14.3177,38939,3825,0x0000000000,383,206,0,2099,23353,46218,14.3143,38887,2111,23335
9000,65536,806,448,358,18415578,806,18477018,0,46119,14.2918,38495,3978,0x0000000000,20882,16430,0,1990,25343,46124,14.2923,38501,1991,25326
10000,65536,806,448,358,20447214,806,20508654,0,46035,14.2709,38116,3949,0x0000000000,20845,16357,0,1907,27250,46037,14.2723,38129,1904,27230
11000,65536,806,448,358,22478833,806,22540273,0,45986,14.2575,37835,4069,0x0000000000,21118,16305,0,1923,29173,46006,14.2607,37838,1917,29147
12000,65536,806,448,358,24575194,806,24636634,0,45981,14.2926,37428,3833,0x0000000000,393,182,0,1860,31033,46008,14.2955,37428,1862,31009
13000,65536,806,448,358,26607578,806,26669018,0,46069,14.2742,37285,3978,0x0000000000,20837,15976,0,1743,32776,46105,14.2773,37343,1731,32740
14000,65536,806,448,358,28639214,806,28700654,0,46011,14.2774,37163,3921,0x0000000000,20876,16090,0,1684,34460,46028,14.2784,37181,1693,34433
15000,65536,806,448,358,30670833,806,30732273,0,45915,14.2754,36754,3980,0x0000000000,20969,16037,0,1768,36228,45959,14.2805,36803,1758,36191
16000,65536,806,448,358,32767194,806,32828634,0,45875,14.2750,36525,3936,0x0000000000,393,204,0,1684,37912,45871,14.2751,36510,1683,37874
17000,65536,806,448,358,34799578,806,34861018,0,45667,14.2569,36104,3908,0x0000000000,20842,16131,0,1596,39508,45715,14.2602,36175,1583,39457
18000,65536,806,448,358,36831214,806,36892654,0,45902,14.2809,35974,3878,0x0000000000,20671,15921,0,1706,41214,45930,14.2821,36033,1693,41150
19000,65536,806,448,358,38862833,806,38924273,0,45583,14.2407,35681,4035,0x0000000000,20960,15860,0,1628,42842,45583,14.2386,35687,1613,42763
20000,65536,806,448,358,40959194,806,41020634,0,45784,14.2685,35664,3917,0x0000000000,398,209,0,1617,44459,45782,14.2686,35646,1625,44388
21000,65536,806,448,358,42991578,806,43053018,0,45846,14.2730,35518,3925,0x0000000000,20935,16125,0,1621,46080,45822,14.2719,35496,1630,46018
22000,65536,806,448,358,45023214,806,45084654,0,45657,14.2411,35074,4009,0x0000000000,21025,16094,0,1577,47657,45628,14.2398,35012,1592,47610
23000,65536,806,448,358,47054833,806,47116273,0,45951,14.2860,35382,3864,0x0000000000,20915,16038,0,1558,49215,45935,14.2845,35352,1551,49161
24000,65536,806,448,358,49151194,806,49212634,0,45972,14.2859,35285,3913,0x0000000000,390,213,0,1534,50749,45973,14.2868,35245,1535,50696
25000,65536,806,448,358,51183578,806,51245018,0,45682,14.2568,34788,3956,0x0000000000,21038,15911,0,1508,52257,45688,14.2565,34788,1508,52204
26000,65536,806,448,358,53215214,806,53276654,0,45711,14.2604,34699,4026,0x0000000000,20970,15846,0,1523,53780,45728,14.2638,34723,1517,53721
27000,65536,806,448,358,55246833,806,55308273,0,45680,14.2665,34419,3911,0x0000000000,20802,16068,0,1455,55235,45633,14.2609,34372,1459,55180
28000,65536,806,448,358,57343194,806,57404634,0,45579,14.2385,34193,4062,0x0000000000,394,169,0,1419,56654,45611,14.2412,34219,1413,56593
29000,65536,806,448,358,59375578,806,59437018,0,45658,14.2505,34282,3948,0x0000000000,20940,15890,0,1433,58087,45623,14.2432,34271,1418,58011
30000,65536,806,448,358,61407214,806,61468654,0,45709,14.2504,34051,3968,0x0000000000,20949,16006,0,1434,59521,45686,14.2492,34023,1449,59460
31000,65536,806,448,358,63438833,806,63500273,0,45517,14.2349,33602,4023,0x0000000000,21025,16012,0,1464,60985,45520,14.2336,33611,1465,60925
32000,65536,806,448,358,65535194,806,65596634,0,45699,14.2652,33814,3923,0x0000000000,426,217,0,1413,62398,45689,14.2638,33788,1389,62314
33000,65536,806,448,358,67567578,806,67629018,0,45628,14.2337,33640,4036,0x0000000000,21136,15958,0,1393,63791,45607,14.2327,33668,1395,63709
34000,65536,806,448,358,69599214,806,69660654,0,45674,14.2403,33650,3989,0x0000000000,21132,15990,0,1321,65112,45654,14.2377,33631,1323,65032
35000,65536,806,448,358,71630833,806,71692273,0,45493,14.2217,33366,4017,0x0000000000,20847,16013,0,1352,66464,45483,14.2232,33352,1360,66392
36000,65536,806,448,358,73727194,806,73788634,0,45495,14.2287,33085,4033,0x0000000000,386,176,0,1315,67779,45506,14.2296,33099,1329,67721
37000,65536,806,448,358,75759578,806,75821018,0,45705,14.2636,33215,3909,0x0000000000,20987,15723,0,1289,69068,45703,14.2616,33217,1293,69014
38000,65536,806,448,358,77791214,806,77852654,0,45604,14.2346,33049,4029,0x0000000000,20944,15885,0,1335,70403,45616,14.2340,33059,1334,70348
39000,65536,806,448,358,79822833,806,79884273,0,45694,14.2694,32831,3906,0x0000000000,21049,15883,0,1369,71772,45700,14.2701,32834,1359,71707
40000,65536,806,448,358,81919194,806,81980634,0,45574,14.2384,32760,4017,0x0000000000,376,170,0,1319,73091,45586,14.2401,32761,1312,73019
41000,65536,806,448,358,83951578,806,84013018,0,45573,14.2399,32695,4003,0x0000000000,21026,16219,0,1340,74431,45583,14.2413,32725,1330,74349
42000,65536,806,448,358,85983214,806,86044654,0,45713,14.2429,32600,4018,0x0000000000,20959,15906,0,1217,75648,45690,14.2415,32588,1221,75570
43000,65536,806,448,358,88014833,806,88076273,0,45412,14.2191,32230,4073,0x0000000000,20790,15935,0,1291,76939,45410,14.2209,32256,1286,76856
44000,65536,806,448,358,90111194,806,90172634,0,45742,14.2652,32440,3904,0x0000000000,376,171,0,1255,78194,45753,14.2689,32430,1263,78119
45000,65536,806,448,358,92143578,806,92205018,0,45373,14.2104,32123,4078,0x0000000000,20888,15860,0,1230,79424,45375,14.2102,32102,1232,79351
46000,65536,806,448,358,94175214,806,94236654,0,45693,14.2526,32218,3962,0x0000000000,20887,15820,0,1214,80638,45652,14.2503,32164,1218,80569
47000,65536,806,448,358,96206833,806,96268273,0,45586,14.2362,31814,4055,0x0000000000,20880,15986,0,1277,81915,45618,14.2396,31837,1268,81837
48000,65536,806,448,358,98303194,806,98364634,0,45804,14.2679,32068,3909,0x0000000000,385,191,0,1245,83160,45791,14.2696,32045,1245,83082
49000,65536,806,448,358,100335578,806,100397018,0,45638,14.2440,31920,4005,0x0000000000,20856,15956,0,1250,84410,45668,14.2454,31954,1254,84336
50000,65536,806,448,358,102367214,806,102428654,0,45616,14.2498,31870,3952,0x0000000000,20906,15912,0,1196,85606,45618,14.2489,31893,1197,85533
51000,65536,806,448,358,104398833,806,104460273,0,45521,14.2414,31556,3954,0x0000000000,20975,15725,0,1229,86835,45518,14.2389,31583,1231,86764
52000,65536,806,448,358,106495194,806,106556634,0,45618,14.2430,31494,4015,0x0000000000,390,175,0,1163,87998,45624,14.2429,31529,1168,87932
53000,65536,806,448,358,108527578,806,108589018,0,45698,14.2562,31629,3922,0x0000000000,20943,16132,0,1171,89169,45690,14.2582,31641,1178,89110
54000,65536,806,448,358,110559214,806,110620654,0,45594,14.2418,31408,3968,0x0000000000,20902,16052,0,1204,90373,45593,14.2423,31386,1213,90323
55000,65536,806,448,358,112590833,806,112652273,0,45740,14.2374,31393,4060,0x0000000000,20920,15796,0,1166,91539,45755,14.2387,31417,1157,91480
56000,65536,806,448,358,114687194,806,114748634,0,45611,14.2468,31243,4000,0x0000000000,396,194,0,1197,92736,45615,14.2488,31231,1200,92680
57000,65536,806,448,358,116719578,806,116781018,0,45671,14.2514,31134,3998,0x0000000000,20831,15910,0,1191,93927,45682,14.2523,31166,1184,93864
58000,65536,806,448,358,118751214,806,118812654,0,45564,14.2382,30997,4007,0x0000000000,20962,15870,0,1179,95106,45576,14.2399,31030,1176,95040
59000,65536,806,448,358,120782833,806,120844273,0,45734,14.2447,31115,4016,0x0000000000,20953,15832,0,1122,96228,45729,14.2442,31113,1123,96163
60000,65536,806,448,358,122879194,806,122940634,0,45413,14.2181,30769,4034,0x0000000000,409,200,0,1127,97355,45391,14.2137,30785,1122,97285
61000,65536,806,448,358,124911578,806,124973018,0,45587,14.2432,30746,3972,0x0000000000,20985,15848,0,1173,98528,45562,14.2403,30743,1178,98463
62000,65536,806,448,358,126943214,806,127004654,0,45597,14.2408,30575,4029,0x0000000000,20968,16019,0,1110,99638,45619,14.2401,30605,1108,99571
63000,65536,806,448,358,128974833,806,129036273,0,45501,14.2308,30392,4061,0x0000000000,20891,15884,0,1182,100820,45502,14.2352,30386,1200,100771
64000,65536,806,448,358,131071194,806,131132634,0,45468,14.2231,30391,4034,0x0000000000,401,184,0,1152,101972,45491,14.2230,30435,1156,101927
65000,65536,806,448,358,133103578,806,133165018,0,45767,14.2670,30372,3891,0x0000000000,20817,15990,0,1090,103062,45758,14.2670,30377,1094,103021
66000,65536,806,448,358,135135214,806,135196654,0,45528,14.2085,30334,4113,0x0000000000,20766,15722,0,1097,104159,45517,14.2066,30335,1101,104122
67000,65536,806,448,358,137166833,806,137228273,0,45654,14.2500,30176,3973,0x0000000000,20870,15940,0,1152,105311,45667,14.2489,30208,1151,105273
68000,65536,806,448,358,139263194,806,139324634,0,45674,14.2507,30169,3944,0x0000000000,417,187,0,1132,106443,45676,14.2516,30143,1124,106397
69000,65536,806,448,358,141295578,806,141357018,0,45694,14.2521,30208,3964,0x0000000000,20806,15927,0,1112,107555,45697,14.2510,30172,1112,107509
70000,65536,806,448,358,143327214,806,143388654,0,45667,14.2484,30053,3971,0x0000000000,21101,16068,0,1049,108604,45676,14.2486,30062,1055,108564
71000,65536,806,448,358,145358833,806,145420273,0,45605,14.2409,29889,4040,0x0000000000,20958,16059,0,1059,109663,45605,14.2391,29890,1066,109630
72000,65536,806,448,358,147455194,806,147516634,0,45495,14.2244,29656,4045,0x0000000000,383,184,0,1107,110770,45481,14.2232,29693,1120,110750
73000,65536,806,448,358,149487578,806,149549018,0,45468,14.2259,29480,4050,0x0000000000,21050,15735,0,1094,111864,45487,14.2297,29484,1097,111847
74000,65536,806,448,358,151519214,806,151580654,0,45496,14.2254,29328,4090,0x0000000000,20707,15930,0,1128,112992,45515,14.2254,29339,1125,112972
75000,65536,806,448,358,153550833,806,153612273,0,45416,14.2187,29395,4070,0x0000000000,20919,15839,0,1032,114024,45416,14.2221,29352,1046,114018
76000,65536,806,448,358,155647194,806,155708634,0,45333,14.2231,29233,4007,0x0000000000,389,188,0,1149,115173,45361,14.2256,29227,1147,115165
77000,65536,806,448,358,157679578,806,157741018,0,45323,14.2133,28925,4039,0x0000000000,20865,15928,0,1145,116318,45323,14.2147,28931,1135,116300
78000,65536,806,448,358,159711214,806,159772654,0,45487,14.2335,29290,4004,0x0000000000,20794,15966,0,1068,117386,45493,14.2336,29302,1053,117353
79000,65536,806,448,358,161742833,806,161804273,0,45374,14.2222,29209,3993,0x0000000000,20691,15718,0,1007,118393,45370,14.2232,29165,1008,118361
80000,65536,806,448,358,163839194,806,163900634,0,45435,14.2268,28944,3988,0x0000000000,396,208,0,1110,119503,45427,14.2282,28931,1106,119467
81000,65536,806,448,358,165871578,806,165933018,0,45434,14.2255,28978,3996,0x0000000000,20867,15862,0,987,120490,45433,14.2237,29027,975,120442
82000,65536,806,448,358,167903214,806,167964654,0,45546,14.2369,28866,3986,0x0000000000,20786,15797,0,1057,121547,45552,14.2380,28874,1051,121493
83000,65536,806,448,358,169934833,806,169996273,0,45637,14.2381,29018,4026,0x0000000000,20639,15840,0,1017,122564,45608,14.2353,29016,1014,122507
84000,65536,806,448,358,172031194,806,172092634,0,45650,14.2477,28802,3993,0x0000000000,396,199,0,1051,123615,45621,14.2459,28791,1060,123567
85000,65536,806,448,358,174063578,806,174125018,0,45646,14.2526,28777,3987,0x0000000000,21038,15796,0,1114,124729,45613,14.2484,28731,1109,124676
86000,65536,806,448,358,176095214,806,176156654,0,45589,14.2448,28813,3991,0x0000000000,20897,15922,0,1033,125762,45613,14.2451,28838,1026,125702
87000,65536,806,448,358,178126833,806,178188273,0,45371,14.2182,28629,3974,0x0000000000,20911,15921,0,1047,126809,45376,14.2168,28652,1057,126759
88000,65536,806,448,358,180223194,806,180284634,0,45722,14.2501,28799,3938,0x0000000000,378,202,0,1008,127817,45702,14.2497,28783,998,127757
89000,65536,806,448,358,182255578,806,182317018,0,45719,14.2627,28482,3922,0x0000000000,20944,15929,0,1021,128838,45712,14.2612,28491,1018,128775
90000,65536,806,448,358,184287214,806,184348654,0,45331,14.1991,28350,4141,0x0000000000,20918,15809,0,995,129833,45339,14.2005,28355,996,129771
91000,65536,806,448,358,186318833,806,186380273,0,45653,14.2463,28333,3975,0x0000000000,20826,16013,0,1063,130896,45647,14.2443,28288,1063,130834
92000,65536,806,448,358,188415194,806,188476634,0,45420,14.2228,28132,3985,0x0000000000,378,207,0,1009,131905,45391,14.2232,28108,1019,131853
93000,65536,806,448,358,190447578,806,190509018,0,45384,14.2202,28200,4027,0x0000000000,20945,15954,0,1019,132924,45372,14.2186,28199,1022,132875
94000,65536,806,448,358,192479214,806,192540654,0,45748,14.2631,28231,3910,0x0000000000,21090,15985,0,1035,133959,45746,14.2642,28221,1031,133906
95000,65536,806,448,358,194510833,806,194572273,0,45383,14.2270,27884,3999,0x0000000000,20643,15675,0,1035,134994,45381,14.2261,27905,1032,134938
96000,65536,806,448,358,196607194,806,196668634,0,45713,14.2629,28118,3876,0x0000000000,413,180,0,965,135959,45726,14.2637,28172,955,135893
97000,65536,806,448,358,198639578,806,198701018,0,45633,14.2330,27825,4057,0x0000000000,20669,15776,0,938,136897,45642,14.2342,27818,931,136824
98000,65536,806,448,358,200671214,806,200732654,0,45575,14.2408,27872,3990,0x0000000000,20734,15794,0,1001,137898,45547,14.2376,27879,996,137820
99000,65536,806,448,358,202702833,806,202764273,0,45488,14.2317,27742,4018,0x0000000000,20906,15943,0,1002,138900,45501,14.2300,27765,997,138817
100000,65536,806,448,358,204799194,806,204860634,0,45587,14.2338,27728,4025,0x0000000000,388,193,0,970,139870,45578,14.2336,27717,963,139780
101000,65536,806,448,358,206831578,806,206893018,0,45462,14.2213,27433,4062,0x0000000000,20771,15974,0,967,140837,45448,14.2207,27472,959,140739
102000,65536,806,448,358,208863214,806,208924654,0,45731,14.2637,27752,3899,0x0000000000,20963,15760,0,988,141825,45741,14.2648,27788,971,141710
103000,65536,806,448,358,210894833,806,210956273,0,45488,14.2389,27403,3931,0x0000000000,20754,15745,0,964,142789,45453,14.2336,27381,967,142677
104000,65536,806,448,358,212991194,806,213052634,0,45563,14.2427,27567,3916,0x0000000000,376,193,0,974,143763,45573,14.2461,27542,983,143660
105000,65536,806,448,358,215023578,806,215085018,0,45613,14.2516,27325,3932,0x0000000000,20900,15933,0,969,144732,45618,14.2528,27376,960,144620
106000,65536,806,448,358,217055214,806,217116654,0,45557,14.2461,27493,3966,0x0000000000,21021,15770,0,995,145727,45567,14.2482,27525,988,145608
107000,65536,806,448,358,219086833,806,219148273,0,45553,14.2357,27261,4056,0x0000000000,20995,15925,0,1004,146731,45569,14.2368,27300,990,146598
108000,65536,806,448,358,221183194,806,221244634,0,45600,14.2537,27262,3969,0x0000000000,406,192,0,1002,147733,45604,14.2551,27291,1006,147604
109000,65536,806,448,358,223215578,806,223277018,0,45437,14.2270,27080,3978,0x0000000000,20743,15928,0,1019,148752,45443,14.2273,27067,1021,148625
110000,65536,806,448,358,225247214,806,225308654,0,45575,14.2291,27033,4059,0x0000000000,20994,15928,0,941,149693,45557,14.2266,26987,937,149562
111000,65536,806,448,358,227278833,806,227340273,0,45450,14.2261,26908,4064,0x0000000000,20793,15705,0,920,150613,45455,14.2262,26952,908,150470
112000,65536,806,448,358,229375194,806,229436634,0,45348,14.2005,26779,4119,0x0000000000,382,176,0,878,151491,45334,14.2017,26766,882,151352
113000,65536,806,448,358,231407578,806,231469018,0,45459,14.2272,26896,3960,0x0000000000,20945,15888,0,913,152404,45439,14.2262,26886,917,152269
114000,65536,806,448,358,233439214,806,233500654,0,45657,14.2609,26826,3921,0x0000000000,20944,15854,0,958,153362,45654,14.2619,26837,971,153240
115000,65536,806,448,358,235470833,806,235532273,0,45348,14.2219,26644,4001,0x0000000000,20976,15811,0,927,154289,45329,14.2213,26645,929,154169
116000,65536,806,448,358,237567194,806,237628634,0,45408,14.2306,26357,3983,0x0000000000,400,210,0,960,155249,45447,14.2340,26409,954,155123
117000,65536,806,448,358,239599578,806,239661018,0,45415,14.2138,26528,4071,0x0000000000,20989,15734,0,897,156146,45446,14.2198,26551,900,156023
118000,65536,806,448,358,241631214,806,241692654,0,45560,14.2343,26516,4004,0x0000000000,21020,15878,0,941,157087,45545,14.2315,26563,955,156978
119000,65536,806,448,358,243662833,806,243724273,0,45558,14.2391,26590,3977,0x0000000000,20623,15850,0,859,157946,45572,14.2414,26614,855,157833
120000,65536,806,448,358,245759194,806,245820634,0,45536,14.2417,26435,3928,0x0000000000,391,189,0,920,158866,45542,14.2411,26444,914,158747
121000,65536,806,448,358,247791578,806,247853018,0,45541,14.2467,26293,3926,0x0000000000,21042,15852,0,918,159784,45526,14.2428,26264,923,159670
122000,65536,806,448,358,249823214,806,249884654,0,45498,14.2361,26119,4021,0x0000000000,20939,15794,0,917,160701,45527,14.2369,26146,914,160584
123000,65536,806,448,358,251854833,806,251916273,0,45569,14.2448,26094,3927,0x0000000000,20787,15741,0,906,161607,45565,14.2447,26092,904,161488
124000,65536,806,448,358,253951194,806,254012634,0,45691,14.2511,26187,3978,0x0000000000,382,190,0,901,162508,45691,14.2544,26255,902,162390
125000,65536,806,448,358,255983578,806,256045018,0,45502,14.2300,26100,4050,0x0000000000,20975,15852,0,907,163415,45530,14.2314,26134,893,163283
126000,65536,806,448,358,258015214,806,258076654,0,45478,14.2379,25948,3958,0x0000000000,20909,15696,0,918,164333,45479,14.2372,25921,918,164201
127000,65536,806,448,358,260046833,806,260108273,0,45338,14.2117,25748,4103,0x0000000000,20843,15762,0,962,165295,45355,14.2149,25749,968,165169
128000,65536,806,448,358,262143194,806,262204634,0,45650,14.2497,25744,3982,0x0000000000,407,176,0,950,166245,45667,14.2516,25793,950,166119
129000,65536,806,448,358,264175578,806,264237018,0,45342,14.2210,25632,4040,0x0000000000,20964,15608,0,913,167158,45316,14.2192,25651,918,167037
130000,65536,806,448,358,266207214,806,266268654,0,45538,14.2350,25695,3993,0x0000000000,21050,16082,0,911,168069,45516,14.2323,25714,915,167952
131000,65536,806,448,358,268238833,806,268300273,0,45436,14.2179,25750,4093,0x0000000000,20835,15584,0,899,168968,45414,14.2174,25720,916,168868
132000,65536,806,448,358,270335194,806,270396634,0,45701,14.2541,25578,3996,0x0000000000,390,203,0,922,169890,45707,14.2544,25576,913,169781
133000,65536,806,448,358,272367578,806,272429018,0,45365,14.2245,25454,4019,0x0000000000,20911,15853,0,898,170788,45360,14.2218,25427,898,170679
134000,65536,806,448,358,274399214,806,274460654,0,45624,14.2604,25520,3852,0x0000000000,21035,16013,0,886,171674,45624,14.2578,25510,884,171563
135000,65536,806,448,358,276430833,806,276492273,0,45389,14.2421,25379,3901,0x0000000000,20918,15725,0,886,172560,45367,14.2396,25359,898,172461
136000,65536,806,448,358,278527194,806,278588634,0,45571,14.2449,25483,3981,0x0000000000,389,204,0,900,173460,45601,14.2482,25507,902,173363
137000,65536,806,448,358,280559578,806,280621018,0,45690,14.2480,25179,4028,0x0000000000,20649,15861,0,861,174321,45619,14.2418,25176,874,174237
138000,65536,806,448,358,282591214,806,282652654,0,45401,14.2265,25150,4031,0x0000000000,20809,15975,0,894,175215,45392,14.2256,25164,896,175133
139000,65536,806,448,358,284622833,806,284684273,0,45548,14.2388,25261,3976,0x0000000000,20816,15897,0,832,176047,45543,14.2371,25240,843,175976
140000,65536,806,448,358,286719194,806,286780634,0,45595,14.2307,25195,4040,0x0000000000,401,201,0,867,176914,45581,14.2299,25192,864,176840
141000,65536,806,448,358,288751578,806,288813018,0,45707,14.2486,25204,4078,0x0000000000,20740,15905,0,895,177809,45723,14.2521,25188,899,177739
142000,65536,806,448,358,290783214,806,290844654,0,45551,14.2479,25033,3958,0x0000000000,20794,15844,0,873,178682,45549,14.2468,25034,873,178612
143000,65536,806,448,358,292814833,806,292876273,0,45502,14.2274,25021,4044,0x0000000000,20954,15790,0,858,179540,45506,14.2266,25040,845,179457
144000,65536,806,448,358,294911194,806,294972634,0,45592,14.2341,24928,4016,0x0000000000,385,192,0,861,180401,45580,14.2350,24912,873,180330
145000,65536,806,448,358,296943578,806,297005018,0,45488,14.2347,24818,4006,0x0000000000,20932,15775,0,863,181264,45489,14.2328,24858,852,181182
146000,65536,806,448,358,298975214,806,299036654,0,45573,14.2400,24689,4058,0x0000000000,20860,15701,0,862,182126,45566,14.2405,24671,861,182043
147000,65536,806,448,358,301006833,806,301068273,0,45352,14.1957,24594,4163,0x0000000000,20770,15763,0,863,182989,45341,14.1957,24620,862,182905
148000,65536,806,448,358,303103194,806,303164634,0,45591,14.2407,24890,4015,0x0000000000,415,192,0,882,183871,45585,14.2407,24911,873,183778
149000,65536,806,448,358,305135578,806,305197018,0,45651,14.2291,24805,4057,0x0000000000,20632,15761,0,800,184671,45629,14.2287,24799,808,184586
150000,65536,806,448,358,307167214,806,307228654,0,45296,14.2290,24417,3913,0x0000000000,20850,15752,0,898,185569,45298,14.2306,24446,906,185492
151000,65536,806,448,358,309198833,806,309260273,0,45543,14.2385,24403,4017,0x0000000000,20858,15738,0,819,186388,45552,14.2388,24393,812,186304
152000,65536,806,448,358,311295194,806,311356634,0,45696,14.2415,24512,4048,0x0000000000,408,195,0,768,187156,45696,14.2410,24458,774,187078
153000,65536,806,448,358,313327578,806,313389018,0,45529,14.2284,24457,4063,0x0000000000,21046,15902,0,829,187985,45493,14.2262,24482,831,187909
154000,65536,806,448,358,315359214,806,315420654,0,45517,14.2343,24370,4006,0x0000000000,21106,15927,0,843,188828,45510,14.2328,24381,848,188757
155000,65536,806,448,358,317390833,806,317452273,0,45331,14.2132,24240,4031,0x0000000000,20850,15639,0,809,189637,45273,14.2080,24169,809,189566
156000,65536,806,448,358,319487194,806,319548634,0,45588,14.2368,24219,4024,0x0000000000,400,192,0,857,190494,45563,14.2349,24222,847,190413
157000,65536,806,448,358,321519578,806,321581018,0,45708,14.2578,24201,3923,0x0000000000,21015,15870,0,822,191316,45704,14.2571,24218,812,191225
158000,65536,806,448,358,323551214,806,323612654,0,45403,14.2259,24092,3992,0x0000000000,20851,15742,0,806,192122,45422,14.2290,24114,801,192026
159000,65536,806,448,358,325582833,806,325644273,0,45577,14.2407,24068,3987,0x0000000000,20890,15910,0,860,192982,45547,14.2369,24057,847,192873
160000,65536,806,448,358,327679194,806,327740634,0,45390,14.2263,23900,3975,0x0000000000,397,203,0,853,193835,45383,14.2230,23926,845,193718
161000,65536,806,448,358,329711578,806,329773018,0,45525,14.2384,24051,4021,0x0000000000,20987,15816,0,857,194692,45539,14.2408,24067,849,194567
162000,65536,806,448,358,331743214,806,331804654,0,45586,14.2424,23908,4031,0x0000000000,20960,15765,0,797,195489,45603,14.2465,23949,795,195362
163000,65536,806,448,358,333774833,806,333836273,0,45604,14.2304,23997,4087,0x0000000000,20899,15944,0,804,196293,45619,14.2332,24004,803,196165
164000,65536,806,448,358,335871194,806,335932634,0,45625,14.2446,23890,3987,0x0000000000,392,206,0,807,197100,45631,14.2460,23900,811,196976
165000,65536,806,448,358,337903578,806,337965018,0,45400,14.2277,23737,4000,0x0000000000,20744,15775,0,827,197927,45395,14.2263,23770,815,197791
166000,65536,806,448,358,339935214,806,339996654,0,45400,14.2170,23583,4054,0x0000000000,20900,15866,0,839,198766,45387,14.2167,23617,837,198628
167000,65536,806,448,358,341966833,806,342028273,0,45280,14.2200,23533,4032,0x0000000000,21038,15784,0,830,199596,45248,14.2158,23538,826,199454
168000,65536,806,448,358,344063194,806,344124634,0,45533,14.2294,23667,4046,0x0000000000,407,184,0,793,200389,45520,14.2292,23683,795,200249
169000,65536,806,448,358,346095578,806,346157018,0,45588,14.2545,23624,3928,0x0000000000,20757,15629,0,787,201176,45610,14.2564,23612,795,201044
170000,65536,806,448,358,348127214,806,348188654,0,45590,14.2510,23597,3945,0x0000000000,20949,15818,0,840,202016,45579,14.2504,23591,837,201881
171000,65536,806,448,358,350158833,806,350220273,0,45658,14.2357,23708,4012,0x0000000000,20835,15893,0,781,202797,45656,14.2340,23727,772,202653
172000,65536,806,448,358,352255194,806,352316634,0,45651,14.2357,23625,4044,0x0000000000,410,219,0,787,203584,45658,14.2353,23665,784,203437
173000,65536,806,448,358,354287578,806,354349018,0,45582,14.2647,23327,3903,0x0000000000,20960,15700,0,856,204440,45606,14.2683,23338,860,204297
174000,65536,806,448,358,356319214,806,356380654,0,45321,14.2027,23307,4073,0x0000000000,20726,15614,0,766,205206,45299,14.1999,23293,763,205060
175000,65536,806,448,358,358350833,806,358412273,0,45592,14.2475,23212,3969,0x0000000000,20633,16018,0,812,206018,45576,14.2467,23205,799,205859
176000,65536,806,448,358,360447194,806,360508634,0,45443,14.2120,23357,4079,0x0000000000,400,193,0,739,206757,45446,14.2116,23393,747,206606
177000,65536,806,448,358,362479578,806,362541018,0,45350,14.2240,23325,3982,0x0000000000,20726,15768,0,791,207548,45297,14.2201,23263,794,207400
178000,65536,806,448,358,364511214,806,364572654,0,45657,14.2252,23205,4076,0x0000000000,20801,15727,0,789,208337,45645,14.2241,23220,783,208183
179000,65536,806,448,358,366542833,806,366604273,0,45552,14.2445,23204,3964,0x0000000000,20833,15914,0,809,209146,45566,14.2446,23200,798,208981
180000,65536,806,448,358,368639194,806,368700634,0,45604,14.2431,23092,3927,0x0000000000,391,208,0,801,209947,45620,14.2448,23114,793,209774
181000,65536,806,448,358,370671578,806,370733018,0,45532,14.2371,22908,3985,0x0000000000,20791,16000,0,797,210744,45517,14.2336,22919,798,210572
182000,65536,806,448,358,372703214,806,372764654,0,45409,14.2421,23002,3897,0x0000000000,20949,15855,0,812,211556,45383,14.2393,22936,818,211390
183000,65536,806,448,358,374734833,806,374796273,0,45633,14.2502,23032,3954,0x0000000000,20945,15916,0,747,212303,45624,14.2491,22986,756,212146
184000,65536,806,448,358,376831194,806,376892634,0,45477,14.2333,22888,3987,0x0000000000,387,209,0,753,213056,45463,14.2313,22961,753,212899
185000,65536,806,448,358,378863578,806,378925018,0,45493,14.2292,22913,4014,0x0000000000,20997,15850,0,786,213842,45484,14.2282,22945,785,213684
186000,65536,806,448,358,380895214,806,380956654,0,45473,14.2273,22571,4044,0x0000000000,21026,15807,0,801,214643,45482,14.2254,22544,805,214489
187000,65536,806,448,358,382926833,806,382988273,0,45440,14.2231,22609,4061,0x0000000000,20754,15709,0,793,215436,45446,14.2229,22638,797,215286
188000,65536,806,448,358,385023194,806,385084634,0,45745,14.2670,22838,3861,0x0000000000,388,196,0,804,216240,45755,14.2700,22828,800,216086
189000,65536,806,448,358,387055578,806,387117018,0,45543,14.2339,22570,3967,0x0000000000,20920,15748,0,753,216993,45547,14.2317,22603,767,216853
190000,65536,806,448,358,389087214,806,389148654,0,45516,14.2356,22525,3958,0x0000000000,20957,15880,0,747,217740,45540,14.2371,22584,754,217607
191000,65536,806,448,358,391118833,806,391180273,0,45609,14.2389,22516,4057,0x0000000000,20768,15840,0,743,218483,45646,14.2439,22558,744,218351
192000,65536,806,448,358,393215194,806,393276634,0,45290,14.2055,22302,4074,0x0000000000,430,210,0,735,219218,45305,14.2076,22284,737,219088
193000,65536,806,448,358,395247578,806,395309018,0,45491,14.2498,22410,3884,0x0000000000,21063,15972,0,801,220019,45483,14.2496,22401,804,219892
194000,65536,806,448,358,397279214,806,397340654,0,45687,14.2353,22470,4032,0x0000000000,20865,15752,0,764,220783,45703,14.2367,22521,767,220659
195000,65536,806,448,358,399310833,806,399372273,0,45259,14.2067,22085,4042,0x0000000000,20890,15630,0,762,221545,45267,14.2066,22111,748,221407
196000,65536,806,448,358,401407194,806,401468634,0,45496,14.2165,22355,4086,0x0000000000,406,196,0,748,222293,45508,14.2184,22354,747,222154
197000,65536,806,448,358,403439578,806,403501018,0,45493,14.2319,22118,4091,0x0000000000,21116,15960,0,783,223076,45465,14.2263,22148,784,222938
198000,65536,806,448,358,405471214,806,405532654,0,45624,14.2495,22156,3960,0x0000000000,20971,16039,0,765,223841,45616,14.2483,22132,759,223697
199000,65536,806,448,358,407502833,806,407564273,0,45673,14.2388,22224,4032,0x0000000000,20980,15928,0,727,224568,45642,14.2349,22171,742,224439
200000,65536,806,448,358,409599194,806,409660634,0,45240,14.1999,22017,4125,0x0000000000,390,168,0,742,225310,45236,14.2018,22007,736,225175
201000,65536,806,448,358,411631578,806,411693018,0,45331,14.2141,21620,4039,0x0000000000,20979,15771,0,747,226057,45340,14.2154,21580,755,225930
202000,65536,806,448,358,413663214,806,413724654,0,45458,14.2174,22085,4010,0x0000000000,20921,15824,0,688,226745,45457,14.2175,22116,681,226611
203000,65536,806,448,358,415694833,806,415756273,0,45563,14.2406,21943,3965,0x0000000000,20832,15774,0,712,227457,45552,14.2400,21929,715,227326
204000,65536,806,448,358,417791194,806,417852634,0,45736,14.2497,22082,4021,0x0000000000,382,196,0,739,228196,45761,14.2495,22109,727,228053
205000,65536,806,448,358,419823578,806,419885018,0,45402,14.2189,21769,4052,0x0000000000,20969,15925,0,664,228860,45408,14.2212,21740,664,228717
206000,65536,806,448,358,421855214,806,421916654,0,45545,14.2185,21885,4054,0x0000000000,20873,15726,0,776,229636,45535,14.2169,21934,771,229488
207000,65536,806,448,358,423886833,806,423948273,0,45409,14.2354,21686,3961,0x0000000000,20804,15814,0,678,230314,45410,14.2372,21663,694,230182
208000,65536,806,448,358,425983194,806,426044634,0,45543,14.2307,21777,4084,0x0000000000,385,184,0,738,231052,45557,14.2343,21792,735,230917
209000,65536,806,448,358,428015578,806,428077018,0,45583,14.2315,21734,4012,0x0000000000,20866,15727,0,680,231732,45568,14.2302,21734,680,231597
210000,65536,806,448,358,430047214,806,430108654,0,45714,14.2520,21765,3956,0x0000000000,20912,15819,0,751,232483,45747,14.2567,21795,735,232332
211000,65536,806,448,358,432078833,806,432140273,0,45780,14.2556,21714,3959,0x0000000000,20876,15837,0,711,233194,45768,14.2552,21727,705,233037
212000,65536,806,448,358,434175194,806,434236634,0,45552,14.2240,21568,4039,0x0000000000,379,195,0,736,233930,45551,14.2241,21609,726,233763
213000,65536,806,448,358,436207578,806,436269018,0,45577,14.2554,21446,3879,0x0000000000,20897,15932,0,726,234656,45557,14.2541,21454,723,234486
214000,65536,806,448,358,438239214,806,438300654,0,45696,14.2559,21660,3953,0x0000000000,20996,15954,0,723,235379,45651,14.2507,21631,711,235197
215000,65536,806,448,358,440270833,806,440332273,0,45466,14.2383,21533,3956,0x0000000000,20851,15911,0,718,236097,45452,14.2379,21571,719,235916
216000,65536,806,448,358,442367194,806,442428634,0,45622,14.2475,21266,3985,0x0000000000,358,194,0,711,236808,45610,14.2469,21287,717,236633
217000,65536,806,448,358,444399578,806,444461018,0,45507,14.2412,21304,3955,0x0000000000,20829,15882,0,689,237497,45510,14.2405,21277,691,237324
218000,65536,806,448,358,446431214,806,446492654,0,45311,14.1890,21306,4199,0x0000000000,21016,15944,0,747,238244,45288,14.1876,21341,741,238065
219000,65536,806,448,358,448462833,806,448524273,0,45541,14.2322,21181,4040,0x0000000000,20931,16015,0,713,238957,45506,14.2296,21155,719,238784
220000,65536,806,448,358,450559194,806,450620634,0,45376,14.2242,21102,4027,0x0000000000,402,188,0,739,239696,45367,14.2233,21125,742,239526
221000,65536,806,448,358,452591578,806,452653018,0,45534,14.2367,21109,3940,0x0000000000,20638,15685,0,700,240396,45535,14.2381,21134,709,240235
222000,65536,806,448,358,454623214,806,454684654,0,45359,14.2219,20930,4031,0x0000000000,20786,15560,0,711,241107,45361,14.2223,20939,704,240939
223000,65536,806,448,358,456654833,806,456716273,0,45378,14.2060,21039,4086,0x0000000000,20753,15923,0,716,241823,45387,14.2062,21036,712,241651
224000,65536,806,448,358,458751194,806,458812634,0,45535,14.2317,20967,4011,0x0000000000,389,162,0,681,242504,45551,14.2330,21028,667,242318
225000,65536,806,448,358,460783578,806,460845018,0,45724,14.2592,21217,4009,0x0000000000,20864,15973,0,710,243214,45704,14.2585,21183,720,243038
226000,65536,806,448,358,462815214,806,462876654,0,45524,14.2426,20943,3969,0x0000000000,20842,15779,0,704,243918,45496,14.2405,20973,709,243747
227000,65536,806,448,358,464846833,806,464908273,0,45529,14.2143,20935,4090,0x0000000000,20908,15748,0,698,244616,45525,14.2164,20997,706,244453
228000,65536,806,448,358,466943194,806,467004634,0,45461,14.2403,21013,3911,0x0000000000,397,209,0,715,245331,45456,14.2388,21007,712,245165
229000,65536,806,448,358,468975578,806,469037018,0,45570,14.2515,20816,3948,0x0000000000,20790,15805,0,716,246047,45550,14.2493,20818,721,245886
230000,65536,806,448,358,471007214,806,471068654,0,45663,14.2567,20799,3988,0x0000000000,20919,15868,0,681,246728,45661,14.2555,20792,687,246573
231000,65536,806,448,358,473038833,806,473100273,0,45625,14.2552,20717,3892,0x0000000000,20844,15900,0,677,247405,45616,14.2554,20697,688,247261
232000,65536,806,448,358,475135194,806,475196634,0,45406,14.2259,20527,4005,0x0000000000,378,189,0,669,248074,45364,14.2243,20529,668,247929
233000,65536,806,448,358,477167578,806,477229018,0,45596,14.2469,20562,3999,0x0000000000,20924,15829,0,647,248721,45587,14.2452,20579,642,248571
234000,65536,806,448,358,479199214,806,479260654,0,45497,14.2334,20497,4014,0x0000000000,20660,15918,0,645,249366,45517,14.2358,20544,637,249208
235000,65536,806,448,358,481230833,806,481292273,0,45530,14.2418,20456,3996,0x0000000000,20797,15908,0,675,250041,45491,14.2358,20499,676,249884
236000,65536,806,448,358,483327194,806,483388634,0,45378,14.2267,20344,4009,0x0000000000,379,194,0,709,250750,45376,14.2262,20333,698,250582
237000,65536,806,448,358,485359578,806,485421018,0,45473,14.2359,20365,4006,0x0000000000,20918,15884,0,713,251463,45462,14.2339,20367,711,251293
238000,65536,806,448,358,487391214,806,487452654,0,45445,14.2358,20393,3954,0x0000000000,20740,15683,0,696,252159,45443,14.2366,20391,708,252001
239000,65536,806,448,358,489422833,806,489484273,0,45729,14.2469,20541,4004,0x0000000000,20708,15794,0,656,252815,45733,14.2491,20574,650,252651
240000,65536,806,448,358,491519194,806,491580634,0,45513,14.2149,20415,4068,0x0000000000,395,190,0,650,253465,45499,14.2138,20352,647,253298
241000,65536,806,448,358,493551578,806,493613018,0,45500,14.2166,20303,4034,0x0000000000,20931,15854,0,695,254160,45502,14.2186,20285,695,253993
242000,65536,806,448,358,495583214,806,495644654,0,45706,14.2589,20258,3974,0x0000000000,20950,15940,0,661,254821,45701,14.2562,20230,664,254657
243000,65536,806,448,358,497614833,806,497676273,0,45652,14.2398,20307,4037,0x0000000000,20756,15875,0,668,255489,45694,14.2416,20296,667,255324
244000,65536,806,448,358,499711194,806,499772634,0,45490,14.2343,20088,4047,0x0000000000,373,193,0,668,256157,45481,14.2328,20083,671,255995
245000,65536,806,448,358,501743578,806,501805018,0,45563,14.2286,20104,4045,0x0000000000,20958,15929,0,608,256765,45548,14.2247,20066,609,256604
246000,65536,806,448,358,503775214,806,503836654,0,45508,14.2341,19950,4031,0x0000000000,20777,15810,0,666,257431,45515,14.2356,19979,676,257280
247000,65536,806,448,358,505806833,806,505868273,0,45381,14.2183,20141,4093,0x0000000000,20726,15682,0,651,258082,45389,14.2172,20165,646,257926
248000,65536,806,448,358,507903194,806,507964634,0,45467,14.2280,19972,4008,0x0000000000,408,196,0,663,258745,45446,14.2248,19974,661,258587
249000,65536,806,448,358,509935578,806,509997018,0,45462,14.2292,19927,4007,0x0000000000,20827,15696,0,667,259412,45473,14.2323,19893,669,259256
250000,65536,806,448,358,511967214,806,512028654,0,45489,14.2392,19955,3949,0x0000000000,21028,15919,0,643,260055,45502,14.2400,19936,653,259909
251000,65536,806,448,358,513998833,806,514060273,0,45637,14.2429,20118,4019,0x0000000000,20876,15680,0,608,260663,45665,14.2465,20114,611,260520
252000,65536,806,448,358,516095194,806,516156634,0,45390,14.2175,19778,4078,0x0000000000,358,169,0,700,261363,45409,14.2188,19733,693,261213
253000,65536,806,448,358,518127578,806,518189018,0,45506,14.2191,19703,4071,0x0000000000,20808,15739,0,664,262027,45519,14.2202,19707,667,261880
254000,65536,806,448,358,520159214,806,520220654,0,45661,14.2356,19890,4041,0x0000000000,20853,15860,0,655,262682,45682,14.2402,19998,657,262537
255000,65536,806,448,358,522190833,806,522252273,0,45523,14.2539,19756,3831,0x0000000000,20900,15973,0,622,263304,45526,14.2546,19731,633,263170
256000,65536,806,448,358,524287194,806,524348634,0,45297,14.2092,19552,4097,0x0000000000,391,178,0,649,263953,45292,14.2115,19541,659,263829
257000,65536,806,448,358,526319578,806,526381018,0,45602,14.2430,19644,4070,0x0000000000,20893,15855,0,667,264620,45588,14.2445,19675,670,264499
258000,65536,806,448,358,528351214,806,528412654,0,45553,14.2416,19677,3976,0x0000000000,20719,15858,0,686,265306,45518,14.2392,19700,678,265177
259000,65536,806,448,358,530382833,806,530444273,0,45365,14.2143,19586,4032,0x0000000000,20694,15807,0,671,265977,45360,14.2140,19582,683,265860
260000,65536,806,448,358,532479194,806,532540634,0,45700,14.2390,19874,4061,0x0000000000,405,200,0,629,266606,45673,14.2359,19888,625,266485
261000,65536,806,448,358,534511578,806,534573018,0,45416,14.2282,19431,4002,0x0000000000,20977,15854,0,616,267222,45407,14.2261,19454,616,267101
262000,65536,806,448,358,536543214,806,536604654,0,45469,14.2137,19448,4104,0x0000000000,20723,15560,0,633,267855,45475,14.2151,19415,624,267725
263000,65536,806,448,358,538574833,806,538636273,0,45465,14.2313,19377,4002,0x0000000000,20756,15686,0,556,268411,45491,14.2361,19400,555,268280
264000,65536,806,448,358,540671194,806,540732634,0,45616,14.2351,19523,4055,0x0000000000,387,188,0,637,269048,45590,14.2343,19467,639,268919
265000,65536,806,448,358,542703578,806,542765018,0,45614,14.2383,19174,4036,0x0000000000,20931,15736,0,624,269672,45623,14.2407,19204,617,269536
266000,65536,806,448,358,544735214,806,544796654,0,45330,14.2107,19216,4044,0x0000000000,20685,15737,0,601,270273,45356,14.2123,19281,591,270127
267000,65536,806,448,358,546766833,806,546828273,0,45683,14.2357,19430,4006,0x0000000000,20920,16017,0,639,270912,45704,14.2381,19448,644,270771
268000,65536,806,448,358,548863194,806,548924634,0,45761,14.2620,19258,3912,0x0000000000,378,215,0,602,271514,45728,14.2582,19238,608,271379
269000,65536,806,448,358,550895578,806,550957018,0,45452,14.2324,19246,3968,0x0000000000,20810,15831,0,642,272156,45424,14.2294,19246,638,272017
270000,65536,806,448,358,552927214,806,552988654,0,45248,14.2116,19099,4015,0x0000000000,20870,15852,0,623,272779,45260,14.2114,19124,620,272637
271000,65536,806,448,358,554958833,806,555020273,0,45408,14.2084,18988,4061,0x0000000000,20891,15740,0,625,273404,45404,14.2080,18955,626,273263
272000,65536,806,448,358,557055194,806,557116634,0,45238,14.2181,19090,3981,0x0000000000,392,199,0,629,274033,45268,14.2155,19102,620,273883
273000,65536,806,448,358,559087578,806,559149018,0,45455,14.2365,19051,3963,0x0000000000,20825,15944,0,654,274687,45477,14.2390,19062,643,274526
274000,65536,806,448,358,561119214,806,561180654,0,45316,14.2082,18737,4077,0x0000000000,20929,15762,0,632,275319,45292,14.2066,18725,633,275159
275000,65536,806,448,358,563150833,806,563212273,0,45389,14.2207,18805,4076,0x0000000000,20878,15830,0,663,275982,45377,14.2180,18814,666,275825
276000,65536,806,448,358,565247194,806,565308634,0,45384,14.2148,18852,3974,0x0000000000,410,196,0,626,276608,45365,14.2116,18836,623,276448
277000,65536,806,448,358,567279578,806,567341018,0,45482,14.2264,18724,4040,0x0000000000,20968,15987,0,672,277280,45479,14.2281,18802,662,277110
278000,65536,806,448,358,569311214,806,569372654,0,45469,14.2115,18772,4127,0x0000000000,20824,15741,0,588,277868,45477,14.2153,18744,597,277707
279000,65536,806,448,358,571342833,806,571404273,0,45315,14.2100,18787,4043,0x0000000000,20879,15811,0,615,278483,45336,14.2110,18791,608,278315
280000,65536,806,448,358,573439194,806,573500634,0,45575,14.2355,18874,4024,0x0000000000,395,206,0,591,279074,45572,14.2334,18897,584,278899
281000,65536,806,448,358,575471578,806,575533018,0,45230,14.1967,18713,4078,0x0000000000,20652,15774,0,627,279701,45246,14.1961,18735,623,279522
282000,65536,806,448,358,577503214,806,577564654,0,45377,14.2265,18544,3981,0x0000000000,20898,15893,0,603,280304,45387,14.2260,18590,598,280120
283000,65536,806,448,358,579534833,806,579596273,0,45466,14.2354,18636,3980,0x0000000000,21061,15876,0,667,280971,45435,14.2317,18602,669,280789
284000,65536,806,448,358,581631194,806,581692634,0,45367,14.2211,18416,4034,0x0000000000,393,186,0,617,281588,45366,14.2186,18455,612,281401
285000,65536,806,448,358,583663578,806,583725018,0,45645,14.2412,18658,4010,0x0000000000,20692,15804,0,618,282206,45618,14.2374,18629,607,282008
286000,65536,806,448,358,585695214,806,585756654,0,45512,14.2434,18675,3909,0x0000000000,20925,15782,0,603,282809,45510,14.2432,18674,596,282604
287000,65536,806,448,358,587726833,806,587788273,0,45341,14.2143,18422,4038,0x0000000000,20919,15792,0,597,283406,45373,14.2173,18393,605,283209
288000,65536,806,448,358,589823194,806,589884634,0,45699,14.2490,18588,3982,0x0000000000,371,170,0,604,284010,45701,14.2495,18616,608,283817
289000,65536,806,448,358,591855578,806,591917018,0,45259,14.2030,18202,4009,0x0000000000,20862,15585,0,589,284599,45234,14.2026,18159,588,284405
290000,65536,806,448,358,593887214,806,593948654,0,45735,14.2606,18476,3972,0x0000000000,20855,15762,0,598,285197,45722,14.2586,18481,601,285006
291000,65536,806,448,358,595918833,806,595980273,0,45722,14.2532,18599,3874,0x0000000000,20881,16148,0,592,285789,45749,14.2558,18602,609,285615
292000,65536,806,448,358,598015194,806,598076634,0,45597,14.2449,18235,4025,0x0000000000,378,194,0,617,286406,45609,14.2451,18310,620,286235
293000,65536,806,448,358,600047578,806,600109018,0,45552,14.2356,18399,3998,0x0000000000,20982,15790,0,595,287001,45531,14.2360,18399,606,286841
294000,65536,806,448,358,602079214,806,602140654,0,45440,14.2481,18247,3855,0x0000000000,20844,15685,0,638,287639,45458,14.2512,18224,632,287473
295000,65536,806,448,358,604110833,806,604172273,0,45298,14.1966,18199,4166,0x0000000000,20881,15922,0,647,288286,45306,14.1972,18175,644,288117
296000,65536,806,448,358,606207194,806,606268634,0,45348,14.2230,18035,4005,0x0000000000,390,199,0,626,288912,45379,14.2251,18050,619,288736
297000,65536,806,448,358,608239578,806,608301018,0,45457,14.2258,18083,4098,0x0000000000,20867,15773,0,602,289514,45456,14.2243,18056,599,289335
298000,65536,806,448,358,610271214,806,610332654,0,45419,14.2170,18084,4098,0x0000000000,20761,15801,0,611,290125,45414,14.2162,18127,607,289942
299000,65536,806,448,358,612302833,806,612364273,0,45693,14.2409,17861,4036,0x0000000000,20931,15847,0,583,290708,45710,14.2392,17878,585,290527
300000,65536,806,448,358,614399194,806,614460634,0,45386,14.2376,18166,3982,0x0000000000,419,194,0,617,291325,45417,14.2414,18189,616,291143
301000,65536,806,448,358,616431578,806,616493018,0,45426,14.2348,18154,3980,0x0000000000,20853,15884,0,618,291943,45428,14.2367,18164,620,291763
302000,65536,806,448,358,618463214,806,618524654,0,45591,14.2587,17923,3877,0x0000000000,20924,15690,0,572,292515,45575,14.2594,17932,569,292332
303000,65536,806,448,358,620494833,806,620556273,0,45408,14.2105,17878,4079,0x0000000000,21055,16036,0,608,293123,45415,14.2096,17928,602,292934
304000,65536,806,448,358,622591194,806,622652634,0,45365,14.2153,17774,4094,0x0000000000,378,188,0,576,293699,45375,14.2160,17778,578,293512
305000,65536,806,448,358,624623578,806,624685018,0,45436,14.2162,17933,4071,0x0000000000,20850,15790,0,604,294303,45443,14.2160,17885,602,294114
306000,65536,806,448,358,626655214,806,626716654,0,45716,14.2618,18031,3946,0x0000000000,20940,16011,0,572,294875,45708,14.2638,18056,577,294691
307000,65536,806,448,358,628686833,806,628748273,0,45768,14.2678,17904,3924,0x0000000000,21120,15967,0,566,295441,45748,14.2670,17917,575,295266
308000,65536,806,448,358,630783194,806,630844634,0,45521,14.2422,17700,3938,0x0000000000,408,183,0,643,296084,45523,14.2425,17718,651,295917
309000,65536,806,448,358,632815578,806,632877018,0,45353,14.2202,17561,3980,0x0000000000,20974,15812,0,576,296660,45348,14.2212,17569,582,296499
310000,65536,806,448,358,634847214,806,634908654,0,45527,14.2339,17669,4036,0x0000000000,20967,16127,0,592,297252,45530,14.2327,17668,598,297097
311000,65536,806,448,358,636878833,806,636940273,0,45593,14.2358,17628,4031,0x0000000000,20731,15799,0,567,297819,45604,14.2357,17618,557,297654
312000,65536,806,448,358,638975194,806,639036634,0,45422,14.2215,17538,3972,0x0000000000,400,199,0,616,298435,45415,14.2214,17552,613,298267
313000,65536,806,448,358,641007578,806,641069018,0,45554,14.2545,17616,3906,0x0000000000,20972,15811,0,573,299008,45564,14.2525,17646,572,298839
314000,65536,806,448,358,643039214,806,643100654,0,45429,14.2234,17631,3989,0x0000000000,20741,15631,0,583,299591,45434,14.2254,17649,582,299421
315000,65536,806,448,358,645070833,806,645132273,0,45455,14.2262,17549,4054,0x0000000000,20922,15707,0,581,300172,45459,14.2262,17543,584,300005
316000,65536,806,448,358,647167194,806,647228634,0,45496,14.2317,17326,4038,0x0000000000,408,184,0,557,300729,45525,14.2351,17358,555,300560
317000,65536,806,448,358,649199578,806,649261018,0,45425,14.2198,17582,4042,0x0000000000,21001,15829,0,567,301296,45396,14.2150,17567,573,301133
318000,65536,806,448,358,651231214,806,651292654,0,45527,14.2337,17584,4037,0x0000000000,20802,15866,0,579,301875,45542,14.2363,17621,582,301715
319000,65536,806,448,358,653262833,806,653324273,0,45503,14.2375,17200,3992,0x0000000000,21015,15899,0,593,302468,45473,14.2350,17197,589,302304
320000,65536,806,448,358,655359194,806,655420634,0,45274,14.2061,17210,4038,0x0000000000,363,184,0,571,303039,45276,14.2065,17261,567,302871
321000,65536,806,448,358,657391578,806,657453018,0,45328,14.2065,17338,4129,0x0000000000,20915,15857,0,537,303576,45312,14.2071,17367,546,303417
322000,65536,806,448,358,659423214,806,659484654,0,45415,14.2370,17129,3929,0x0000000000,21096,15824,0,587,304163,45419,14.2391,17105,599,304016
323000,65536,806,448,358,661454833,806,661516273,0,45538,14.2492,17202,4001,0x0000000000,21005,15957,0,579,304742,45542,14.2494,17238,576,304592
324000,65536,806,448,358,663551194,806,663612634,0,45505,14.2226,17339,4088,0x0000000000,383,193,0,565,305307,45506,14.2219,17363,558,305150
325000,65536,806,448,358,665583578,806,665645018,0,45378,14.2273,17176,4006,0x0000000000,20801,15737,0,556,305863,45353,14.2238,17194,561,305711
326000,65536,806,448,358,667615214,806,667676654,0,45573,14.2477,17153,3990,0x0000000000,21085,16044,0,586,306449,45573,14.2456,17142,583,306294
327000,65536,806,448,358,669646833,806,669708273,0,45424,14.2249,17125,4020,0x0000000000,20929,15919,0,584,307033,45434,14.2255,17132,573,306867
328000,65536,806,448,358,671743194,806,671804634,0,45727,14.2620,17272,3922,0x0000000000,379,196,0,583,307616,45724,14.2612,17270,580,307447
329000,65536,806,448,358,673775578,806,673837018,0,45459,14.2297,17145,4036,0x0000000000,20688,15725,0,592,308208,45472,14.2312,17143,584,308031
330000,65536,806,448,358,675807214,806,675868654,0,45481,14.2252,16952,4061,0x0000000000,20960,15990,0,522,308730,45494,14.2250,17001,517,308548
331000,65536,806,448,358,677838833,806,677900273,0,45467,14.2126,17103,4187,0x0000000000,20751,15819,0,585,309315,45449,14.2110,17104,592,309140
332000,65536,806,448,358,679935194,806,679996634,0,45537,14.2340,16801,4021,0x0000000000,422,209,0,582,309897,45493,14.2296,16840,587,309727
333000,65536,806,448,358,681967578,806,682029018,0,45254,14.2126,16840,4077,0x0000000000,20740,15805,0,545,310442,45244,14.2127,16830,546,310273
334000,65536,806,448,358,683999214,806,684060654,0,45663,14.2501,17024,3967,0x0000000000,20868,16005,0,529,310971,45672,14.2487,17053,535,310808
335000,65536,806,448,358,686030833,806,686092273,0,45589,14.2444,16911,3965,0x0000000000,21185,15906,0,554,311525,45616,14.2464,16903,551,311359
336000,65536,806,448,358,688127194,806,688188634,0,45551,14.2541,16851,3916,0x0000000000,425,205,0,559,312084,45552,14.2545,16876,558,311917
337000,65536,806,448,358,690159578,806,690221018,0,45367,14.2101,16646,4137,0x0000000000,20660,15743,0,510,312594,45337,14.2096,16636,514,312431
338000,65536,806,448,358,692191214,806,692252654,0,45433,14.2297,16694,4016,0x0000000000,20963,15955,0,601,313195,45407,14.2263,16736,609,313040
339000,65536,806,448,358,694222833,806,694284273,0,45571,14.2333,16764,4042,0x0000000000,20932,15942,0,518,313713,45546,14.2303,16730,539,313579
340000,65536,806,448,358,696319194,806,696380634,0,45773,14.2552,16752,3971,0x0000000000,403,195,0,573,314286,45756,14.2538,16788,572,314151
341000,65536,806,448,358,698351578,806,698413018,0,45308,14.2147,16394,4089,0x0000000000,20807,15639,0,605,314891,45300,14.2133,16377,600,314751
342000,65536,806,448,358,700383214,806,700444654,0,45528,14.2309,16649,3976,0x0000000000,20885,15906,0,547,315438,45506,14.2284,16620,545,315296
343000,65536,806,448,358,702414833,806,702476273,0,45560,14.2466,16620,3918,0x0000000000,20754,15746,0,531,315969,45583,14.2498,16570,543,315839
344000,65536,806,448,358,704511194,806,704572634,0,45591,14.2417,16676,3956,0x0000000000,378,188,0,508,316477,45567,14.2435,16642,512,316351
345000,65536,806,448,358,706543578,806,706605018,0,45468,14.2153,16524,4057,0x0000000000,20990,15763,0,530,317007,45502,14.2189,16508,527,316878
346000,65536,806,448,358,708575214,806,708636654,0,45485,14.2353,16574,4028,0x0000000000,20985,15917,0,519,317526,45502,14.2367,16610,516,317394
347000,65536,806,448,358,710606833,806,710668273,0,45456,14.2537,16540,3856,0x0000000000,20723,15759,0,542,318068,45467,14.2541,16548,548,317942
348000,65536,806,448,358,712703194,806,712764634,0,45542,14.2322,16530,4008,0x0000000000,374,192,0,516,318584,45533,14.2299,16510,519,318461
349000,65536,806,448,358,714735578,806,714797018,0,45396,14.2196,16493,4032,0x0000000000,20869,15740,0,490,319074,45379,14.2189,16461,496,318957
350000,65536,806,448,358,716767214,806,716828654,0,45359,14.2221,16201,4012,0x0000000000,20902,15731,0,529,319603,45359,14.2224,16187,525,319482
351000,65536,806,448,358,718798833,806,718860273,0,45468,14.2281,16167,3999,0x0000000000,20847,15764,0,527,320130,45462,14.2302,16202,522,320004
352000,65536,806,448,358,720895194,806,720956634,0,45322,14.1951,16378,4115,0x0000000000,390,174,0,509,320639,45364,14.1986,16395,505,320509
353000,65536,806,448,358,722927578,806,722989018,0,45466,14.2325,16121,4020,0x0000000000,20854,15735,0,541,321180,45460,14.2292,16152,543,321052
354000,65536,806,448,358,724959214,806,725020654,0,45522,14.2376,16215,3966,0x0000000000,20953,15922,0,538,321718,45496,14.2372,16195,534,321586
355000,65536,806,448,358,726990833,806,727052273,0,45430,14.2295,16259,4039,0x0000000000,21072,15844,0,503,322221,45436,14.2295,16242,506,322092
356000,65536,806,448,358,729087194,806,729148634,0,45634,14.2324,16269,4050,0x0000000000,418,187,0,473,322694,45661,14.2346,16265,469,322561
357000,65536,806,448,358,731119578,806,731181018,0,45343,14.2269,16105,3980,0x0000000000,20908,15611,0,569,323263,45345,14.2280,16147,568,323129
358000,65536,806,448,358,733151214,806,733212654,0,45466,14.2225,16208,4052,0x0000000000,20902,15946,0,526,323789,45512,14.2288,16218,537,323666
359000,65536,806,448,358,735182833,806,735244273,0,45681,14.2449,16132,4003,0x0000000000,20879,15918,0,516,324305,45693,14.2463,16150,524,324190
360000,65536,806,448,358,737279194,806,737340634,0,45709,14.2518,16153,4000,0x0000000000,394,179,0,522,324827,45714,14.2514,16158,519,324709
361000,65536,806,448,358,739311578,806,739373018,0,45560,14.2387,16148,3977,0x0000000000,20825,15778,0,495,325322,45546,14.2403,16137,488,325197
362000,65536,806,448,358,741343214,806,741404654,0,45624,14.2518,16103,3947,0x0000000000,20992,15724,0,528,325850,45614,14.2542,16155,535,325732
363000,65536,806,448,358,743374833,806,743436273,0,45562,14.2376,15877,4003,0x0000000000,20939,15842,0,543,326393,45521,14.2334,15889,533,326265
364000,65536,806,448,358,745471194,806,745532634,0,45370,14.2325,15859,3935,0x0000000000,389,189,0,495,326888,45366,14.2313,15854,497,326762
365000,65536,806,448,358,747503578,806,747565018,0,45653,14.2552,16034,3973,0x0000000000,20808,15874,0,505,327393,45665,14.2588,16063,509,327271
366000,65536,806,448,358,749535214,806,749596654,0,45397,14.2208,15836,4055,0x0000000000,21068,15937,0,543,327936,45408,14.2195,15828,536,327807
367000,65536,806,448,358,751566833,806,751628273,0,45309,14.2116,15785,4072,0x0000000000,20805,15801,0,525,328461,45334,14.2147,15749,535,328342
368000,65536,806,448,358,753663194,806,753724634,0,45506,14.2393,15772,3903,0x0000000000,385,186,0,536,328997,45519,14.2414,15798,532,328874
369000,65536,806,448,358,755695578,806,755757018,0,45437,14.2180,15769,4063,0x0000000000,20914,15891,0,472,329469,45435,14.2178,15770,474,329348
370000,65536,806,448,358,757727214,806,757788654,0,45450,14.2263,15685,3986,0x0000000000,21012,15822,0,544,330013,45462,14.2279,15721,537,329885
371000,65536,806,448,358,759758833,806,759820273,0,45514,14.2297,15911,4051,0x0000000000,20864,15698,0,519,330532,45513,14.2303,15899,531,330416
372000,65536,806,448,358,761855194,806,761916634,0,45584,14.2387,15628,4008,0x0000000000,395,194,0,510,331042,45597,14.2408,15685,504,330920
373000,65536,806,448,358,763887578,806,763949018,0,45595,14.2544,15727,3871,0x0000000000,20773,16025,0,467,331509,45614,14.2573,15782,454,331374
374000,65536,806,448,358,765919214,806,765980654,0,45471,14.2365,15731,3993,0x0000000000,20786,15769,0,534,332043,45460,14.2346,15762,529,331903
375000,65536,806,448,358,767950833,806,768012273,0,45715,14.2275,15589,4089,0x0000000000,20872,16056,0,504,332547,45701,14.2310,15543,490,332393
376000,65536,806,448,358,770047194,806,770108634,0,45536,14.2377,15622,3960,0x0000000000,377,194,0,491,333038,45516,14.2361,15637,488,332881
377000,65536,806,448,358,772079578,806,772141018,0,45626,14.2597,15573,3898,0x0000000000,20931,15875,0,518,333556,45648,14.2617,15619,518,333399
378000,65536,806,448,358,774111214,806,774172654,0,45201,14.2019,15320,4088,0x0000000000,20941,15780,0,527,334083,45189,14.2012,15320,526,333925
379000,65536,806,448,358,776142833,806,776204273,0,45514,14.2362,15508,3994,0x0000000000,20870,16004,0,531,334614,45527,14.2411,15528,535,334460
380000,65536,806,448,358,778239194,806,778300634,0,45591,14.2442,15489,3940,0x0000000000,416,194,0,471,335085,45572,14.2431,15454,465,334925
381000,65536,806,448,358,780271578,806,780333018,0,45495,14.2409,15416,3984,0x0000000000,20793,15783,0,560,335645,45487,14.2411,15442,561,335486
382000,65536,806,448,358,782303214,806,782364654,0,45667,14.2622,15373,3859,0x0000000000,20799,15697,0,477,336122,45676,14.2627,15419,485,335971
383000,65536,806,448,358,784334833,806,784396273,0,45431,14.2294,15297,4011,0x0000000000,20836,15813,0,488,336610,45415,14.2291,15277,489,336460
384000,65536,806,448,358,786431194,806,786492634,0,45454,14.2330,15069,4020,0x0000000000,419,211,0,490,337100,45439,14.2329,15075,486,336946
385000,65536,806,448,358,788463578,806,788525018,0,45322,14.2163,15201,4022,0x0000000000,20822,15737,0,522,337622,45357,14.2200,15192,528,337474
386000,65536,806,448,358,790495214,806,790556654,0,45291,14.2075,15169,4075,0x0000000000,20841,15852,0,524,338146,45268,14.2053,15164,520,337994
387000,65536,806,448,358,792526833,806,792588273,0,45473,14.2380,15241,4034,0x0000000000,20823,15724,0,499,338645,45454,14.2362,15255,496,338490
388000,65536,806,448,358,794623194,806,794684634,0,45439,14.2128,15333,4085,0x0000000000,411,177,0,513,339158,45417,14.2105,15305,519,339009
389000,65536,806,448,358,796655578,806,796717018,0,45478,14.2357,15236,4001,0x0000000000,20726,15805,0,518,339676,45466,14.2356,15177,524,339533
390000,65536,806,448,358,798687214,806,798748654,0,45402,14.2108,15163,4058,0x0000000000,20903,15794,0,500,340176,45378,14.2068,15192,506,340039
391000,65536,806,448,358,800718833,806,800780273,0,45305,14.2145,15125,4056,0x0000000000,20799,15839,0,543,340719,45317,14.2171,15143,545,340584
392000,65536,806,448,358,802815194,806,802876634,0,45393,14.2182,15213,4061,0x0000000000,405,193,0,486,341205,45415,14.2201,15219,488,341072
393000,65536,806,448,358,804847578,806,804909018,0,45390,14.2217,15093,4039,0x0000000000,20652,15816,0,507,341712,45398,14.2231,15136,507,341579
394000,65536,806,448,358,806879214,806,806940654,0,45517,14.2072,15241,4185,0x0000000000,20887,15800,0,504,342216,45500,14.2069,15235,504,342083
395000,65536,806,448,358,808910833,806,808972273,0,45596,14.2491,15100,3965,0x0000000000,20854,15877,0,518,342734,45584,14.2476,15110,506,342589
396000,65536,806,448,358,811007194,806,811068634,0,45527,14.2255,15125,3982,0x0000000000,393,175,0,454,343188,45553,14.2274,15118,453,343042
397000,65536,806,448,358,813039578,806,813101018,0,45566,14.2456,14915,3952,0x0000000000,20856,15746,0,515,343703,45562,14.2434,14920,510,343552
398000,65536,806,448,358,815071214,806,815132654,0,45538,14.2388,14877,4010,0x0000000000,20890,15885,0,514,344217,45527,14.2376,14864,518,344070
399000,65536,806,448,358,817102833,806,817164273,0,45402,14.2328,14896,3981,0x0000000000,20993,15733,0,494,344711,45435,14.2337,14903,484,344554
400000,65536,806,448,358,819199194,806,819260634,0,45715,14.2532,14870,3994,0x0000000000,382,183,0,471,345182,45747,14.2565,14878,477,345031
401000,65536,806,448,358,821231578,806,821293018,0,45473,14.2339,14869,4025,0x0000000000,20782,15638,0,473,345655,45465,14.2340,14837,482,345513
402000,65536,806,448,358,823263214,806,823324654,0,45507,14.2268,14860,3996,0x0000000000,21115,15542,0,448,346103,45535,14.2271,14873,443,345956
403000,65536,806,448,358,825294833,806,825356273,0,45561,14.2322,14922,3998,0x0000000000,20615,15703,0,471,346574,45532,14.2286,14886,460,346416
404000,65536,806,448,358,827391194,806,827452634,0,45530,14.2494,14882,3915,0x0000000000,413,225,0,498,347072,45512,14.2464,14919,496,346912
405000,65536,806,448,358,829423578,806,829485018,0,45444,14.2389,14594,3991,0x0000000000,20832,15759,0,528,347600,45479,14.2401,14662,515,347427
406000,65536,806,448,358,831455214,806,831516654,0,45519,14.2222,14591,4086,0x0000000000,20787,15746,0,500,348100,45523,14.2190,14638,497,347924
407000,65536,806,448,358,833486833,806,833548273,0,45498,14.2370,14580,4040,0x0000000000,20938,15757,0,484,348584,45486,14.2330,14600,490,348414
408000,65536,806,448,358,835583194,806,835644634,0,45322,14.2102,14652,4057,0x0000000000,386,194,0,468,349052,45311,14.2097,14606,458,348872
409000,65536,806,448,358,837615578,806,837677018,0,45441,14.2166,14582,4071,0x0000000000,20791,15701,0,443,349495,45418,14.2158,14592,464,349336
410000,65536,806,448,358,839647214,806,839708654,0,45398,14.2197,14696,4032,0x0000000000,20796,15700,0,467,349962,45421,14.2227,14754,463,349799
411000,65536,806,448,358,841678833,806,841740273,0,45593,14.2372,14714,4039,0x0000000000,20940,15919,0,487,350449,45588,14.2378,14664,487,350286
412000,65536,806,448,358,843775194,806,843836634,0,45368,14.2255,14339,3992,0x0000000000,382,188,0,494,350943,45351,14.2226,14316,486,350772
413000,65536,806,448,358,845807578,806,845869018,0,45441,14.2249,14570,4051,0x0000000000,20885,15839,0,507,351450,45443,14.2279,14551,514,351286
414000,65536,806,448,358,847839214,806,847900654,0,45262,14.2210,14477,3978,0x0000000000,20798,15640,0,477,351927,45250,14.2191,14469,479,351765
415000,65536,806,448,358,849870833,806,849932273,0,45472,14.2362,14523,3961,0x0000000000,20815,15786,0,444,352371,45536,14.2437,14556,443,352208
416000,65536,806,448,358,851967194,806,852028634,0,45589,14.2386,14479,4011,0x0000000000,389,196,0,457,352828,45591,14.2389,14481,459,352667
417000,65536,806,448,358,853999578,806,854061018,0,45253,14.2160,14388,4014,0x0000000000,20761,15745,0,482,353310,45204,14.2125,14353,483,353150
418000,65536,806,448,358,856031214,806,856092654,0,45545,14.2345,14470,4041,0x0000000000,21049,15799,0,461,353771,45522,14.2323,14434,467,353617
419000,65536,806,448,358,858062833,806,858124273,0,45455,14.2364,14506,3957,0x0000000000,20866,15902,0,494,354265,45417,14.2345,14490,481,354098
420000,65536,806,448,358,860159194,806,860220634,0,45595,14.2539,14420,3927,0x0000000000,403,191,0,445,354710,45607,14.2578,14394,446,354544
421000,65536,806,448,358,862191578,806,862253018,0,45758,14.2503,14445,3980,0x0000000000,20965,15971,0,427,355137,45768,14.2517,14451,428,354972
422000,65536,806,448,358,864223214,806,864284654,0,45491,14.2313,14414,4075,0x0000000000,20868,15651,0,466,355603,45475,14.2300,14384,475,355447
423000,65536,806,448,358,866254833,806,866316273,0,45394,14.2190,14254,4047,0x0000000000,20672,15694,0,483,356086,45381,14.2165,14281,483,355930
424000,65536,806,448,358,868351194,806,868412634,0,45308,14.2063,14061,4041,0x0000000000,380,178,0,507,356593,45306,14.2097,14100,507,356437
425000,65536,806,448,358,870383578,806,870445018,0,45828,14.2771,14447,3866,0x0000000000,20881,15741,0,443,357036,45844,14.2790,14398,452,356889
426000,65536,806,448,358,872415214,806,872476654,0,45444,14.2249,14056,4036,0x0000000000,20751,15806,0,437,357473,45470,14.2270,14056,429,357318
427000,65536,806,448,358,874446833,806,874508273,0,45404,14.2213,14218,3991,0x0000000000,20980,15647,0,463,357936,45419,14.2234,14219,472,357790
428000,65536,806,448,358,876543194,806,876604634,0,45525,14.2245,14145,4047,0x0000000000,362,166,0,463,358399,45547,14.2257,14145,462,358252
429000,65536,806,448,358,878575578,806,878637018,0,45365,14.2241,13977,4000,0x0000000000,20756,15753,0,472,358871,45375,14.2276,14018,481,358733
430000,65536,806,448,358,880607214,806,880668654,0,45339,14.2182,13960,3999,0x0000000000,21058,15929,0,459,359330,45328,14.2175,13970,460,359193
431000,65536,806,448,358,882638833,806,882700273,0,45639,14.2478,14106,3961,0x0000000000,20983,15835,0,453,359783,45667,14.2490,14143,455,359648
432000,65536,806,448,358,884735194,806,884796634,0,45580,14.2423,13980,4034,0x0000000000,388,188,0,402,360185,45604,14.2448,13970,397,360045
433000,65536,806,448,358,886767578,806,886829018,0,45541,14.2368,14063,4036,0x0000000000,20953,16084,0,422,360607,45535,14.2368,14041,426,360471
434000,65536,806,448,358,888799214,806,888860654,0,45480,14.2316,13936,4022,0x0000000000,20855,15733,0,440,361047,45512,14.2319,13940,437,360908
435000,65536,806,448,358,890830833,806,890892273,0,45491,14.2353,13883,4019,0x0000000000,20901,15768,0,453,361500,45496,14.2359,13862,445,361353
436000,65536,806,448,358,892927194,806,892988634,0,45461,14.2381,13772,3971,0x0000000000,414,212,0,477,361977,45484,14.2379,13755,472,361825
437000,65536,806,448,358,894959578,806,895021018,0,45564,14.2198,13954,4070,0x0000000000,20900,15783,0,408,362385,45563,14.2203,13938,409,362234
438000,65536,806,448,358,896991214,806,897052654,0,45566,14.2358,14041,3980,0x0000000000,20976,15805,0,438,362823,45524,14.2323,14038,452,362686
439000,65536,806,448,358,899022833,806,899084273,0,45205,14.2100,13771,4006,0x0000000000,20806,15703,0,507,363330,45196,14.2113,13811,502,363188
440000,65536,806,448,358,901119194,806,901180634,0,45190,14.2084,13774,4034,0x0000000000,404,198,0,439,363769,45237,14.2141,13793,430,363618
441000,65536,806,448,358,903151578,806,903213018,0,45512,14.2449,13977,3927,0x0000000000,20949,15820,0,463,364232,45481,14.2431,13962,458,364076
442000,65536,806,448,358,905183214,806,905244654,0,45403,14.2116,13828,4066,0x0000000000,20893,15629,0,487,364719,45386,14.2123,13835,483,364559
443000,65536,806,448,358,907214833,806,907276273,0,45372,14.2315,13700,3980,0x0000000000,20964,15584,0,439,365158,45378,14.2318,13724,446,365005
444000,65536,806,448,358,909311194,806,909372634,0,45427,14.2167,13751,4053,0x0000000000,418,192,0,444,365602,45404,14.2139,13734,442,365447
445000,65536,806,448,358,911343578,806,911405018,0,45301,14.2201,13633,3999,0x0000000000,20759,15781,0,456,366058,45311,14.2211,13635,462,365909
446000,65536,806,448,358,913375214,806,913436654,0,45123,14.2093,13405,3969,0x0000000000,20913,15822,0,441,366499,45130,14.2086,13426,435,366344
447000,65536,806,448,358,915406833,806,915468273,0,45510,14.2325,13611,4040,0x0000000000,20923,15946,0,450,366949,45507,14.2335,13618,454,366798
448000,65536,806,448,358,917503194,806,917564634,0,45553,14.2518,13609,3941,0x0000000000,384,182,0,443,367392,45519,14.2487,13649,437,367235
449000,65536,806,448,358,919535578,806,919597018,0,45531,14.2419,13538,3991,0x0000000000,20857,15837,0,455,367847,45525,14.2424,13528,459,367694
450000,65536,806,448,358,921567214,806,921628654,0,45278,14.1938,13549,4144,0x0000000000,20878,15602,0,439,368286,45275,14.1936,13577,447,368141
451000,65536,806,448,358,923598833,806,923660273,0,45504,14.2198,13560,4102,0x0000000000,20839,15756,0,430,368716,45517,14.2237,13557,436,368577
452000,65536,806,448,358,925695194,806,925756634,0,45440,14.2219,13513,4120,0x0000000000,365,182,0,440,369156,45423,14.2231,13521,438,369015
453000,65536,806,448,358,927727578,806,927789018,0,45563,14.2383,13734,3994,0x0000000000,20871,15955,0,395,369551,45572,14.2405,13754,399,369414
454000,65536,806,448,358,929759214,806,929820654,0,45649,14.2419,13354,4029,0x0000000000,20736,15790,0,453,370004,45653,14.2394,13422,452,369866
455000,65536,806,448,358,931790833,806,931852273,0,45600,14.2422,13478,4002,0x0000000000,20791,15840,0,466,370470,45596,14.2409,13519,466,370332
456000,65536,806,448,358,933887194,806,933948634,0,45591,14.2377,13604,3982,0x0000000000,377,187,0,410,370880,45578,14.2372,13631,415,370747
457000,65536,806,448,358,935919578,806,935981018,0,45403,14.2052,13436,4093,0x0000000000,20932,15911,0,414,371294,45404,14.2050,13421,416,371163
458000,65536,806,448,358,937951214,806,938012654,0,45542,14.2231,13495,4077,0x0000000000,20863,15847,0,417,371711,45520,14.2209,13477,415,371578
459000,65536,806,448,358,939982833,806,940044273,0,45558,14.2437,13398,3930,0x0000000000,20779,15809,0,432,372143,45576,14.2449,13434,434,372012
460000,65536,806,448,358,942079194,806,942140634,0,45564,14.2478,13246,3976,0x0000000000,384,201,0,471,372614,45575,14.2489,13275,472,372484
461000,65536,806,448,358,944111578,806,944173018,0,45644,14.2431,13264,4015,0x0000000000,20832,15686,0,471,373085,45627,14.2413,13242,468,372952
462000,65536,806,448,358,946143214,806,946204654,0,45308,14.2155,13158,4011,0x0000000000,20906,15824,0,406,373491,45300,14.2143,13150,405,373357
463000,65536,806,448,358,948174833,806,948236273,0,45433,14.2300,13310,3925,0x0000000000,20856,15855,0,433,373924,45431,14.2294,13361,431,373788
464000,65536,806,448,358,950271194,806,950332634,0,45619,14.2497,13117,3945,0x0000000000,402,204,0,428,374352,45599,14.2503,13105,436,374224
465000,65536,806,448,358,952303578,806,952365018,0,45536,14.2242,13348,4048,0x0000000000,21007,16098,0,406,374758,45495,14.2212,13330,408,374632
466000,65536,806,448,358,954335214,806,954396654,0,45473,14.2357,13212,4018,0x0000000000,21009,15924,0,461,375219,45485,14.2365,13214,473,375105
467000,65536,806,448,358,956366833,806,956428273,0,45346,14.2307,13098,3934,0x0000000000,20855,15615,0,432,375651,45335,14.2265,13124,432,375537
468000,65536,806,448,358,958463194,806,958524634,0,45475,14.2407,13017,3987,0x0000000000,380,187,0,439,376090,45483,14.2410,13029,446,375983
469000,65536,806,448,358,960495578,806,960557018,0,45593,14.2377,13130,4019,0x0000000000,21089,15922,0,402,376492,45580,14.2384,13112,411,376394
470000,65536,806,448,358,962527214,806,962588654,0,45502,14.2340,13029,4005,0x0000000000,20892,15867,0,419,376911,45520,14.2356,13062,420,376814
471000,65536,806,448,358,964558833,806,964620273,0,45602,14.2425,13125,3976,0x0000000000,20937,15897,0,385,377296,45590,14.2437,13118,385,377199
472000,65536,806,448,358,966655194,806,966716634,0,45339,14.2016,13087,4075,0x0000000000,396,196,0,427,377723,45327,14.2004,13070,426,377625
473000,65536,806,448,358,968687578,806,968749018,0,45590,14.2344,13030,3989,0x0000000000,20645,15878,0,423,378146,45601,14.2344,13034,412,378037
474000,65536,806,448,358,970719214,806,970780654,0,45328,14.2243,12992,3988,0x0000000000,20835,15789,0,429,378575,45354,14.2254,12988,427,378464
475000,65536,806,448,358,972750833,806,972812273,0,45460,14.2440,12852,3974,0x0000000000,20831,15909,0,402,378977,45485,14.2483,12862,421,378885
476000,65536,806,448,358,974847194,806,974908634,0,45552,14.2339,13158,4018,0x0000000000,387,183,0,361,379338,45523,14.2315,13162,353,379238
477000,65536,806,448,358,976879578,806,976941018,0,45462,14.2220,12950,4065,0x0000000000,20936,15877,0,409,379747,45464,14.2206,12949,422,379660
478000,65536,806,448,358,978911214,806,978972654,0,45406,14.2099,12934,4137,0x0000000000,20822,15763,0,435,380182,45417,14.2101,12907,435,380095
479000,65536,806,448,358,980942833,806,981004273,0,45417,14.2202,12864,4003,0x0000000000,20978,15869,0,419,380601,45445,14.2199,12902,413,380508
480000,65536,806,448,358,983039194,806,983100634,0,45531,14.2365,12966,4048,0x0000000000,414,200,0,401,381002,45548,14.2385,12969,399,380907
481000,65536,806,448,358,985071578,806,985133018,0,45491,14.2252,12907,3976,0x0000000000,20942,15798,0,435,381437,45458,14.2213,12915,433,381340
482000,65536,806,448,358,987103214,806,987164654,0,45288,14.2068,12611,4093,0x0000000000,20794,15730,0,444,381881,45298,14.2043,12616,431,381771
483000,65536,806,448,358,989134833,806,989196273,0,45547,14.2226,12874,4097,0x0000000000,20920,15944,0,413,382294,45518,14.2189,12849,416,382187
484000,65536,806,448,358,991231194,806,991292634,0,45160,14.2137,12552,3946,0x0000000000,404,183,0,426,382720,45194,14.2174,12578,420,382607
485000,65536,806,448,358,993263578,806,993325018,0,45494,14.2279,12714,4039,0x0000000000,20889,15845,0,425,383145,45518,14.2306,12704,427,383034
486000,65536,806,448,358,995295214,806,995356654,0,45550,14.2184,12580,4106,0x0000000000,20901,15747,0,437,383582,45558,14.2178,12575,435,383469
487000,65536,806,448,358,997326833,806,997388273,0,45562,14.2362,12687,4021,0x0000000000,20913,15793,0,414,383996,45558,14.2352,12680,425,383894
488000,65536,806,448,358,999423194,806,999484634,0,45481,14.2251,12668,3992,0x0000000000,381,200,0,385,384381,45482,14.2264,12710,374,384268
489000,65536,806,448,358,1001455578,806,1001517018,0,45464,14.2173,12649,4070,0x0000000000,20709,15846,0,431,384812,45464,14.2191,12648,427,384695
490000,65536,806,448,358,1003487214,806,1003548654,0,45472,14.2320,12624,3948,0x0000000000,20753,15734,0,376,385188,45465,14.2319,12662,380,385075
491000,65536,806,448,358,1005518833,806,1005580273,0,45288,14.2082,12455,4028,0x0000000000,20860,15892,0,415,385603,45341,14.2122,12479,414,385489
492000,65536,806,448,358,1007615194,806,1007676634,0,45359,14.1967,12447,4213,0x0000000000,404,192,0,419,386022,45407,14.2002,12471,423,385912
493000,65536,806,448,358,1009647578,806,1009709018,0,45356,14.2152,12637,4098,0x0000000000,20803,15794,0,396,386418,45336,14.2129,12608,404,386316
494000,65536,806,448,358,1011679214,806,1011740654,0,45553,14.2324,12556,4021,0x0000000000,21049,16060,0,405,386823,45566,14.2360,12527,405,386721
495000,65536,806,448,358,1013710833,806,1013772273,0,45362,14.2172,12413,4035,0x0000000000,20925,15632,0,408,387231,45350,14.2168,12397,412,387133
496000,65536,806,448,358,1015807194,806,1015868634,0,45618,14.2385,12562,4027,0x0000000000,403,205,0,393,387624,45594,14.2367,12565,397,387530
497000,65536,806,448,358,1017839578,806,1017901018,0,45387,14.2213,12364,4033,0x0000000000,20936,15815,0,421,388045,45384,14.2191,12392,412,387942
498000,65536,806,448,358,1019871214,806,1019932654,0,45485,14.2314,12477,3963,0x0000000000,20749,15892,0,398,388443,45479,14.2321,12479,408,388350
499000,65536,806,448,358,1021902833,806,1021964273,0,45457,14.2203,12340,4043,0x0000000000,20724,15806,0,369,388812,45458,14.2219,12350,365,388715
500000,65536,806,448,358,1023999194,806,1024060634,0,45797,14.2673,12482,3871,0x0000000000,395,185,0,383,389195,45816,14.2706,12521,379,389094
