genome	count	first_seen	disassembly
0x743762c927	2	400000	LDIND 7; STIND 1; INCM 2; LDIND 5; INCM 6; JNZ 3; INCM 0; STIND 6
0xb2520e0549	2	400000	STIND 1; STIND 2; LDIND 1; JNZ 4; LDIND 0; STIND 1; STIND 1; INCM 6
0xf79360e183	1	400000	LDIND 3; STIND 4; JNZ 0; LDIND 1; INCM 6; STIND 1; JNZ 6; JNZ 6
0x88d0af1335	1	400000	INCM 5; JNZ 1; LDIND 4; JNZ 6; STIND 2; STIND 0; LDIND 3; INCM 1
0x706ea3e172	1	400000	INCM 2; STIND 3; JNZ 0; LDIND 7; STIND 2; INCM 7; LDIND 1; STIND 6
0xe3741da6a6	1	400000	LDIND 6; INCM 5; STIND 1; JNZ 3; LDIND 1; JNZ 2; STIND 5; JNZ 4
0x5083444e01	1	400000	LDIND 1; INCM 0; INCM 3; STIND 0; INCM 4; LDIND 1; LDIND 2; STIND 2
0x57771b157f	1	400000	JNZ 7; STIND 3; LDIND 5; INCM 6; INCM 1; JNZ 3; JNZ 5; STIND 2
0x114d297832	1	400000	INCM 2; LDIND 1; JNZ 6; INCM 2; INCM 2; LDIND 6; LDIND 5; LDIND 2
0x675e4cf25d	1	400000	JNZ 5; INCM 2; JNZ 4; JNZ 1; LDIND 4; STIND 7; JNZ 5; STIND 4
0x8d25f2181f	1	400000	JNZ 7; LDIND 0; LDIND 6; LDIND 4; JNZ 7; INCM 2; INCM 4; INCM 1
0xb6e190c8cb	1	400000	STIND 3; LDIND 6; INCM 2; LDIND 1; JNZ 1; INCM 0; JNZ 3; INCM 6
0x210c355aef	1	400000	STIND 7; INCM 7; INCM 6; STIND 2; LDIND 3; LDIND 6; LDIND 4; LDIND 4
0xe2d6391620	1	400000	LDIND 0; INCM 1; LDIND 5; INCM 2; LDIND 3; STIND 3; STIND 3; JNZ 4
0xd7b29c0410	1	400000	INCM 0; LDIND 0; LDIND 1; JNZ 0; STIND 1; JNZ 1; JNZ 6; JNZ 2
0xd05c60eddb	1	400000	JNZ 3; STIND 6; JNZ 3; LDIND 1; LDIND 6; STIND 6; LDIND 1; JNZ 2
0x19297576f4	1	400000	INCM 4; INCM 7; JNZ 5; STIND 2; INCM 7; INCM 4; LDIND 4; LDIND 3
0xee79dc8c1d	1	400000	JNZ 5; LDIND 0; LDIND 3; JNZ 1; JNZ 5; JNZ 4; JNZ 1; JNZ 5
0xa3e828d7a5	1	400000	LDIND 5; JNZ 5; INCM 5; INCM 1; LDIND 2; INCM 4; STIND 7; INCM 4
0xb8679b3125	1	400000	LDIND 5; STIND 1; STIND 4; INCM 6; JNZ 1; INCM 3; LDIND 1; INCM 7
0x040c5d4c75	1	400000	INCM 5; LDIND 3; INCM 3; JNZ 2; LDIND 5; LDIND 6; INCM 0; LDIND 0
0x85ab255f1e	1	400000	JNZ 6; JNZ 0; INCM 7; STIND 2; INCM 2; INCM 5; INCM 6; INCM 0
0x105ee2e50b	1	400000	STIND 3; STIND 0; JNZ 1; LDIND 5; STIND 6; STIND 7; LDIND 1; LDIND 2
0x6e642e82e8	1	400000	STIND 0; INCM 7; LDIND 0; JNZ 5; LDIND 2; INCM 2; JNZ 1; STIND 5
0x845833e948	1	400000	STIND 0; STIND 2; JNZ 2; LDIND 7; LDIND 3; STIND 4; INCM 1; INCM 0
0xd1032ef41e	1	400000	JNZ 6; LDIND 0; JNZ 5; JNZ 5; INCM 2; LDIND 1; LDIND 4; JNZ 2
0x1f3d3b4387	1	400000	LDIND 7; JNZ 4; INCM 0; INCM 6; INCM 3; JNZ 6; JNZ 4; LDIND 3
0x54f27f11e7	1	400000	LDIND 7; STIND 7; LDIND 4; JNZ 6; LDIND 7; JNZ 1; INCM 3; STIND 2
0xad73cb5f39	1	400000	JNZ 1; JNZ 1; INCM 7; INCM 6; JNZ 4; JNZ 1; INCM 5; INCM 5
0x536f65973b	1	400000	JNZ 3; JNZ 1; LDIND 5; STIND 3; INCM 6; INCM 7; STIND 5; STIND 2
0xc2b487ad36	1	400000	INCM 6; STIND 1; STIND 3; STIND 7; STIND 0; JNZ 2; STIND 2; JNZ 0
0x56ba4b1127	1	400000	LDIND 7; STIND 1; LDIND 4; INCM 6; LDIND 4; JNZ 5; JNZ 2; STIND 2
0x64f285e363	1	400000	LDIND 3; JNZ 3; JNZ 0; STIND 3; STIND 0; JNZ 1; INCM 3; STIND 4
0x9d09114c3d	1	400000	JNZ 5; LDIND 1; INCM 3; LDIND 2; INCM 1; LDIND 4; INCM 4; INCM 3
0x2f9ea4757f	1	400000	JNZ 7; STIND 3; JNZ 5; STIND 0; STIND 2; STIND 7; JNZ 6; LDIND 5
0x00916bb7da	1	400000	JNZ 2; JNZ 6; STIND 5; INCM 7; INCM 6; STIND 0; LDIND 2; LDIND 0
0xa9b24df6d8	1	400000	JNZ 0; INCM 6; JNZ 5; JNZ 3; LDIND 4; JNZ 1; LDIND 6; INCM 5
0x3767c01074	1	400000	INCM 4; LDIND 3; LDIND 4; LDIND 0; JNZ 4; INCM 3; JNZ 5; LDIND 6
0x9a3f654ead	1	400000	STIND 5; INCM 5; INCM 3; STIND 2; INCM 6; JNZ 7; STIND 0; INCM 3
0x9c4df80024	1	400000	LDIND 4; LDIND 1; LDIND 0; INCM 0; JNZ 7; LDIND 6; INCM 1; INCM 3
0x05c4d134e9	1	400000	STIND 1; LDIND 7; STIND 5; LDIND 2; STIND 5; LDIND 2; INCM 7; LDIND 0
0x8d069ec2d9	1	400000	JNZ 1; INCM 6; INCM 0; JNZ 5; STIND 1; LDIND 3; INCM 4; INCM 1
0x93fe14af88	1	400000	STIND 0; JNZ 4; STIND 3; STIND 1; LDIND 1; JNZ 7; STIND 7; INCM 2
0x80c48c87b3	1	400000	INCM 3; JNZ 5; LDIND 1; JNZ 1; STIND 0; LDIND 2; LDIND 3; INCM 0
0xeda01e35ac	1	400000	STIND 4; STIND 5; STIND 5; JNZ 4; LDIND 1; INCM 0; INCM 6; JNZ 5
0xf56e63b418	1	400000	JNZ 0; LDIND 0; STIND 5; LDIND 7; LDIND 6; INCM 7; INCM 5; JNZ 6
0x56e0a91a7a	1	400000	JNZ 2; INCM 3; LDIND 6; INCM 2; STIND 2; INCM 0; JNZ 3; STIND 2
0xec6da3ede5	1	400000	LDIND 5; STIND 7; JNZ 3; LDIND 7; JNZ 2; INCM 6; INCM 1; JNZ 5
0xb511843523	1	400000	LDIND 3; STIND 1; STIND 5; STIND 0; JNZ 0; STIND 0; INCM 4; INCM 6
0xe7ef374496	1	400000	INCM 6; LDIND 4; INCM 1; STIND 6; INCM 3; INCM 7; JNZ 7; JNZ 4
