tick,alive,distinct_genomes,mean_energy,births,deaths
0,52579,52579,64.00,0,0
1000,314234,134923,110.80,3330669,3069014
2000,762831,273500,136.11,13247996,12799399
3000,872109,259338,162.12,14099108,13989830
4000,899018,253508,171.48,11914722,11887813
5000,873343,247698,175.16,10778911,10804586
6000,815197,237584,175.93,9841249,9899395
7000,751485,222874,175.32,8997745,9061457
8000,705458,212588,173.64,8474510,8520537
9000,689789,204681,171.46,8323222,8338891
10000,695794,202527,169.21,8511790,8505785
11000,708794,200637,168.13,8758082,8745082
12000,725573,197001,167.88,8958033,8941254
13000,743679,193444,168.19,9159279,9141173
14000,758151,191798,167.70,9381409,9366937
15000,770276,187112,167.55,9527469,9515344
16000,779965,182226,167.92,9642477,9632788
17000,784924,177195,168.55,9660101,9655142
18000,787679,171441,169.14,9645695,9642940
19000,787768,166145,169.35,9512411,9512322
20000,790433,162221,170.06,9510010,9507345
21000,791017,159117,169.64,9454903,9454319
22000,793721,155111,169.74,9526953,9524249
23000,795429,152433,169.93,9507411,9505703
24000,792967,148920,169.64,9508607,9511069
25000,801230,147601,169.47,9610827,9602564
26000,797010,144800,169.76,9566370,9570590
27000,800669,142631,169.55,9537643,9533984
28000,801825,140416,169.61,9598723,9597567
29000,807562,138807,169.88,9535113,9529376
30000,801132,136163,170.30,9485643,9492073
31000,799678,134347,170.13,9398655,9400109
32000,800426,132568,170.37,9414016,9413268
33000,802727,130768,170.68,9355816,9353515
34000,803708,128131,170.51,9301740,9300759
35000,806834,125672,170.22,9300997,9297871
36000,806859,123746,170.28,9349185,9349160
37000,810729,122265,169.99,9366790,9362920
38000,812110,120076,170.60,9369836,9368455
39000,810979,117702,170.46,9304533,9305664
40000,814422,115818,170.17,9346482,9343039
41000,812926,114707,170.47,9368005,9369501
42000,814275,112647,170.64,9292025,9290676
43000,821936,111284,170.42,9373153,9365492
44000,822284,109904,170.09,9439484,9439136
45000,826369,109182,170.46,9463249,9459164
46000,825306,107548,170.75,9421834,9422897
47000,824807,107078,170.28,9382374,9382873
48000,824328,105834,171.27,9369777,9370256
49000,821810,104826,171.47,9234546,9237064
50000,822787,104466,171.69,9183903,9182926
51000,820979,103471,171.45,9181726,9183534
52000,819253,104134,170.90,9210767,9212493
53000,822508,103320,171.01,9254575,9251320
54000,821449,102463,171.25,9237601,9238660
55000,820465,102772,170.86,9237637,9238621
56000,820412,102080,170.79,9233335,9233388
57000,819184,101602,170.46,9306608,9307836
58000,822328,101035,170.24,9337061,9333917
59000,828277,100727,169.91,9458207,9452258
60000,830626,99730,169.75,9495691,9493342
61000,834855,100245,170.33,9512887,9508658
62000,842027,100195,170.38,9530456,9523284
63000,844197,100523,170.63,9588597,9586427
64000,843872,100357,170.60,9550980,9551305
65000,845573,100439,170.61,9621825,9620124
66000,846889,101194,170.53,9623528,9622212
67000,847457,100297,170.78,9626451,9625883
68000,845205,100983,170.73,9665835,9668087
69000,847301,99703,171.18,9606517,9604421
70000,850235,99060,171.18,9614042,9611108
71000,848090,97546,171.28,9599134,9601279
72000,854459,96548,170.73,9612655,9606286
73000,861723,95917,170.97,9683943,9676679
74000,859564,95548,170.84,9755155,9757314
75000,861574,95684,171.38,9748840,9746830
76000,865076,94824,171.36,9732666,9729164
77000,862361,94027,172.35,9666545,9669260
78000,864099,94236,172.31,9590451,9588713
79000,863589,93714,172.17,9581279,9581789
80000,862883,92976,172.20,9601531,9602237
81000,863511,93233,172.39,9557058,9556430
82000,864381,94141,171.70,9614146,9613276
83000,866470,94111,171.96,9680393,9678304
84000,865785,94173,172.09,9683611,9684296
85000,869130,93399,172.34,9660946,9657601
86000,870691,93676,172.85,9624184,9622623
87000,868995,92977,173.44,9539910,9541606
88000,872810,93146,173.14,9491251,9487436
89000,871077,93327,173.41,9451222,9452955
90000,869709,92605,173.61,9432302,9433670
91000,872439,93168,173.71,9434727,9431997
92000,870596,93061,173.92,9377479,9379322
93000,871143,93189,173.63,9366126,9365579
94000,871830,92903,173.75,9405631,9404944
95000,871774,92931,173.48,9383856,9383912
96000,874676,92490,174.15,9369860,9366958
97000,875750,91231,174.14,9335984,9334910
98000,875042,90615,173.79,9367246,9367954
99000,875153,89930,173.96,9345376,9345265
100000,877028,90497,173.68,9364181,9362306
101000,879148,90586,173.59,9440055,9437935
102000,878532,90329,173.41,9476951,9477567
103000,875861,89975,173.57,9434120,9436791
104000,877997,87622,174.21,9340882,9338746
105000,879702,87415,174.01,9371771,9370066
106000,882494,86483,174.30,9394270,9391478
107000,882646,85716,173.93,9370014,9369862
108000,881610,86241,174.12,9409505,9410541
109000,879544,86875,173.77,9410083,9412149
110000,880614,87323,173.53,9466309,9465239
111000,879559,86139,173.33,9494230,9495285
112000,881497,85447,173.58,9492648,9490710
113000,880391,85984,173.59,9476856,9477962
114000,882244,85048,173.97,9483298,9481445
115000,884639,85089,173.81,9453238,9450843
116000,886039,84844,173.68,9497026,9495626
117000,888226,85312,173.84,9555053,9552866
118000,889020,84418,174.08,9505246,9504452
119000,893377,84220,173.86,9534756,9530399
120000,894508,84197,173.67,9572687,9571556
121000,895359,83515,174.09,9574379,9573528
122000,895824,83817,173.94,9566844,9566379
123000,896848,84252,173.93,9630403,9629379
124000,895018,83520,174.02,9602247,9604077
125000,894821,83096,174.13,9556959,9557156
126000,895037,83285,174.40,9518535,9518319
127000,897378,82974,174.53,9488310,9485969
128000,898060,83170,174.67,9493223,9492541
129000,900194,84165,174.51,9502153,9500019
130000,901230,83626,174.44,9501857,9500821
131000,904670,84506,174.37,9546867,9543427
132000,903897,86000,173.74,9690408,9691181
133000,905015,86210,173.42,9743666,9742548
134000,903213,86958,173.02,9839457,9841259
135000,904737,89140,172.50,9935761,9934237
136000,904627,89216,173.13,9940759,9940869
137000,903300,88997,173.46,9851342,9852669
138000,902699,88159,173.45,9798883,9799484
139000,905103,89218,173.06,9837898,9835494
140000,904933,88376,172.95,9910340,9910510
141000,904740,88459,172.71,9914796,9914989
142000,904750,89364,172.64,9956212,9956202
143000,906464,88795,172.47,9981154,9979440
144000,907345,88218,172.50,10021654,10020773
145000,907018,88584,172.55,10084996,10085323
146000,906691,88704,172.61,10058147,10058474
147000,908238,87946,173.28,9967837,9966290
148000,908632,88328,172.92,9994557,9994163
149000,914019,89272,172.24,10125511,10120124
150000,912695,89314,172.29,10185342,10186666
151000,910965,91538,171.88,10180165,10181895
152000,910343,91887,172.14,10199383,10200005
153000,910782,91898,171.79,10205331,10204892
154000,911037,92896,171.56,10258294,10258039
155000,911358,93854,171.38,10337495,10337174
156000,910525,94659,171.49,10403780,10404613
157000,911485,93817,171.93,10296687,10295727
158000,910043,92878,171.68,10253004,10254446
159000,911232,91923,171.63,10282609,10281420
160000,909322,90914,171.71,10271849,10273759
161000,909081,90646,171.57,10279254,10279495
162000,910056,90311,171.04,10356255,10355280
163000,909486,89735,170.91,10390117,10390687
164000,911775,90270,170.70,10431970,10429681
165000,914739,91029,171.05,10482065,10479101
166000,914426,91940,171.02,10485343,10485656
167000,911476,92288,171.05,10499422,10502372
168000,913070,91452,171.16,10472807,10471213
169000,911341,91677,171.34,10490082,10491811
170000,911834,90129,171.57,10414474,10413981
171000,910131,88549,171.61,10385713,10387416
172000,910059,88452,171.25,10379089,10379161
173000,912309,88768,171.19,10430551,10428301
174000,915931,88667,171.31,10475307,10471685
175000,920103,88684,171.69,10505788,10501616
176000,918569,88092,171.90,10449916,10451450
177000,916406,89275,171.23,10497766,10499929
178000,911750,90146,170.97,10506739,10511395
179000,913640,90914,170.46,10598315,10596425
180000,912908,91052,170.39,10639090,10639822
181000,914836,90859,170.70,10680475,10678547
182000,912402,91952,170.15,10693745,10696179
183000,913319,93158,170.30,10690872,10689955
184000,913616,93026,170.58,10651484,10651187
185000,911492,94697,169.84,10710772,10712896
186000,912727,94821,170.00,10757903,10756668
187000,912077,95533,169.50,10843368,10844018
188000,912716,94277,170.05,10847032,10846393
189000,911066,94634,170.06,10830871,10832521
190000,912242,93523,170.35,10735006,10733830
191000,915660,92393,171.17,10682145,10678727
192000,917798,91345,171.48,10581665,10579527
193000,915380,91352,171.42,10548395,10550813
194000,914081,90229,171.36,10488419,10489718
195000,916154,89986,171.44,10487529,10485456
196000,917288,89791,171.73,10525256,10524122
197000,915039,88349,172.25,10433307,10435556
198000,916109,88027,172.42,10353903,10352833
199000,915043,88647,172.46,10298382,10299448
200000,916394,89144,172.68,10250712,10249361
