tick	parent_genome	child_genome	offset	faithful
1	0x01b30b190e	0x01b30b190e	15	1
1	0x01b30b190e	0x01b30b190e	15	1
1	0x01b30b190e	0x01b30b190e	15	1
1	0x01b30b190e	0x01b30b190e	15	1
1	0x01b30b190e	0x01b30b190e	15	1
1	0x01b30b190e	0x01b30b190e	15	1
1	0x01b30b190e	0x81b30b190e	15	0
1	0x01b30b190e	0x01b30b18ce	15	0
1	0x01b30b190e	0x01b30b190e	15	1
1	0x01b30b190e	0x46730b190e	15	0
1	0x01b30b190e	0x01b30b190e	15	1
1	0x01b30b190e	0x01b30b190e	15	1
1	0x01b30b190e	0x01b30b190e	15	1
1	0x01b30b190e	0x01b30b190e	15	1
1	0x01b30b190e	0x01b30b190e	15	1
1	0x01b30b190e	0x01b30b190e	15	1
1	0x01b30b190e	0x01b30b190e	15	1
1	0x01b30b190e	0x01b30b190e	15	1
1	0x01b30b190e	0x01b30b190e	15	1
1	0x01b30b190e	0x01b30b190e	15	1
1	0x01b30b190e	0x01b30b190e	15	1
1	0x01b30b190e	0x01b70b190e	15	0
1	0x01b30b190e	0x01b30b190e	15	1
1	0x01b30b190e	0x01b30b190e	15	1
1	0x01b30b190e	0x01b30b190e	15	1
1	0x01b30b190e	0x01b30b190e	15	1
1	0x01b30b190e	0x01b30b190e	15	1
1	0x01b30b190e	0x01b30b190e	15	1
1	0x01b30b190e	0x01b30b190e	15	1
1	0x01b30b190e	0x01b30b190e	15	1
1	0x01b30b190e	0x01b30b190e	15	1
1	0x01b30b190e	0x01b30b190e	15	1
1	0x01b30b190e	0x01b30b190e	15	1
1	0x01b30b190e	0x01b30b190e	15	1
1	0x01b30b190e	0x01b31b190e	15	0
1	0x01b30b190e	0x01b30b190e	15	1
1	0x01b30b190e	0x01b30b190e	15	1
1	0x01b30b190e	0x01b30b190e	15	1
1	0x01b30b190e	0x01b30b190e	15	1
1	0x01b30b190e	0x01b30b190e	15	1
1	0x01b30b190e	0x01b30b190e	15	1
1	0x01b30b190e	0x01b30b190e	15	1
1	0x01b30b190e	0x01b30b190e	15	1
1	0x01b30b190e	0x01b30b190e	15	1
1	0x01b30b190e	0x01b30b190e	15	1
1	0x01b30b190e	0x01b30b190e	15	1
1	0x01b30b190e	0x01b30b190e	15	1
1	0x01b30b190e	0x01b30b190e	15	1
1	0x01b30b190e	0x01b30b180e	15	0
1	0x01b30b190e	0x01b30b190e	15	1
1	0x01b30b190e	0x01b30b190e	15	1
1	0x01b30b190e	0x01b30b190e	15	1
1	0x01b30b190e	0x01b30b190e	15	1
1	0x01b30b190e	0x01b30b190e	15	1
1	0x01b30b190e	0x01b30b190e	15	1
1	0x01b30b190e	0x01b30b190e	15	1
1	0x01b30b190e	0x02b30b190e	15	0
1	0x01b30b190e	0x01b30b190e	15	1
1	0x01b30b190e	0x11b30b190e	15	0
1	0x01b30b190e	0x01b30b190e	15	1
1	0x01b30b190e	0x01b30b190e	15	1
1	0x01b30b190e	0x01b30b190e	15	1
1	0x01b30b190e	0x01b30b190e	15	1
1	0x01b30b190e	0x01b30b190e	15	1
1	0x01b30b190e	0x91b30b182e	15	0
1	0x01b30b190e	0x01b30b190e	15	1
1	0x01b30b190e	0x01b30b190e	15	1
1	0x01b30b190e	0x01b30b190e	15	1
1	0x01b30b190e	0x01b30b190e	15	1
1	0x01b30b190e	0x01b30b190e	15	1
1	0x01b30b190e	0x01b30b190e	15	1
1	0x01b30b190e	0x01b30b190e	15	1
1	0x01b30b190e	0x01b30b190e	15	1
1	0x01b30b190e	0x01b30b190e	15	1
1	0x01b30b190e	0x01b30b190c	15	0
1	0x01b30b190e	0x01b30a990e	15	0
1	0x01b30b190e	0x01b34b190e	15	0
1	0x01b30b190e	0x01b30b190e	15	1
1	0x01b30b190e	0x01b30b190e	15	1
1	0x01b30b190e	0x01b30b180e	15	0
1	0x01b30b190e	0x01b30b190e	15	1
1	0x01b30b190e	0x01b30b190f	15	0
1	0x01b30b190e	0x01b30b190e	15	1
1	0x01b30b190e	0x01b30b190e	15	1
1	0x01b30b190e	0x01b30b190e	15	1
1	0x01b30b190e	0x01b30b190e	15	1
1	0x01b30b190e	0x01b30b190e	15	1
1	0x01b30b190e	0x01b30b310e	15	0
1	0x01b30b190e	0x01b30b190e	15	1
1	0x01b30b190e	0x01b30b190e	15	1
1	0x01b30b190e	0x01b30b190e	15	1
1	0x01b30b190e	0x01b30b190e	15	1
1	0x01b30b190e	0x01b30b190e	15	1
1	0x01b30b190e	0x01b30b190e	15	1
1	0x01b30b190e	0x09b30bb10e	15	0
1	0x01b30b190e	0x01b30b190e	15	1
1	0x01b30b190e	0x01b30b190e	15	1
1	0x01b30b190e	0x01b30b190e	15	1
1	0x01b30b190e	0x19b30b196e	15	0
1	0x01b30b190e	0x01b30b190e	15	1
1	0x01b30b190e	0x01b30b190e	15	1
1	0x01b30b190e	0x01b30b190e	15	1
1	0x01b30b190e	0x01b30b190e	15	1
1	0x01b30b190e	0x01b30b190e	15	1
1	0x01b30b190e	0x01b30b190e	15	1
1	0x01b30b190e	0x01b70b190e	15	0
1	0x01b30b190e	0x05f20b010e	15	0
1	0x01b30b190e	0x01b30b190e	15	1
1	0x01b30b190e	0x01b30b190e	15	1
1	0x01b30b190e	0x01b30b190e	15	1
1	0x01b30b190e	0x01b30b190e	15	1
1	0x01b30b190e	0x01b30b190e	15	1
1	0x01b30b190e	0x01b30b190e	15	1
1	0x01b30b190e	0x01b30b190e	15	1
1	0x01b30b190e	0x01b30b190e	15	1
1	0x01b30b190e	0x01930b190e	15	0
1	0x01b30b190e	0x01b30b190e	15	1
1	0x01b30b190e	0x01b30b190e	15	1
1	0x01b30b190e	0x29b30b19ae	15	0
1	0x01b30b190e	0x01b30b190e	15	1
1	0x01b30b190e	0x01b30b190e	15	1
1	0x01b30b190e	0x01b30b180e	15	0
1	0x01b30b190e	0x01b30b190e	15	1
1	0x01b30b190e	0x01b30b190e	15	1
1	0x01b30b190e	0x01b30b190e	15	1
1	0x01b30b190e	0x01b30b190e	15	1
1	0x01b30b190e	0x01b30b190e	15	1
1	0x01b30b190e	0x01b30b190e	15	1
1	0x01b30b190e	0x01b30b190e	15	1
1	0x01b30b190e	0x56f30b190e	15	0
1	0x01b30b190e	0x01b30b190e	15	1
1	0x01b30b190e	0x03330b190e	15	0
1	0x01b30b190e	0x39b30b190e	15	0
1	0x01b30b190e	0x05f71b190e	15	0
1	0x01b30b190e	0x01b30b190e	15	1
1	0x01b30b190e	0x01b30b190e	15	1
1	0x01b30b190e	0x01b30b190e	15	1
1	0x01b30b190e	0x01b30b190e	15	1
1	0x01b30b190e	0x01b30b190e	15	1
1	0x01b30b190e	0x01b30b190e	15	1
1	0x01b30b190e	0x01b30b1906	15	0
1	0x01b30b190e	0x01b30b190e	15	1
1	0x01b30b190e	0x01b30b190e	15	1
1	0x01b30b190e	0x01b30b190e	15	1
1	0x01b30b190e	0x01b30b190e	15	1
1	0x01b30b190e	0x01b50b190e	15	0
1	0x01b30b190e	0x01b30b190e	15	1
1	0x01b30b190e	0x01b30b190e	15	1
1	0x01b30b190e	0x01b30b190e	15	1
1	0x01b30b190e	0x01b30b190e	15	1
1	0x01b30b190e	0x0a730b190e	15	0
1	0x01b30b190e	0x01b30b190e	15	1
1	0x01b30b190e	0x01b30b190e	15	1
1	0x01b30b190e	0x01b30b190e	15	1
1	0x01b30b190e	0x01b20b190e	15	0
1	0x01b30b190e	0x39b30b196e	15	0
1	0x01b30b190e	0x01b309190e	15	0
1	0x01b30b190e	0x01b30b190e	15	1
1	0x01b30b190e	0x01b30b190e	15	1
1	0x01b30b190e	0x01b30b1d0e	15	0
1	0x01b30b190e	0x01b30b190e	15	1
1	0x01b30b190e	0x01b30b190e	15	1
1	0x01b30b190e	0x01b30b190e	15	1
1	0x01b30b190e	0x01b30b190e	15	1
1	0x01b30b190e	0x01b30b180e	15	0
1	0x01b30b190e	0x01b30b190e	15	1
1	0x01b30b190e	0x00330b190e	15	0
1	0x01b30b190e	0x01b30b190e	15	1
1	0x01b30b190e	0x01b30b190e	15	1
1	0x01b30b190e	0x11b30b490e	15	0
1	0x01b30b190e	0x01b30b190e	15	1
1	0x01b30b190e	0x01b30b190e	15	1
1	0x01b30b190e	0x01b30b190e	15	1
1	0x01b30b190e	0x01b34b190e	15	0
1	0x01b30b190e	0x01b30b190e	15	1
1	0x01b30b190e	0x01b30f190e	15	0
1	0x01b30b190e	0x01b30b190e	15	1
1	0x01b30b190e	0x41b30b190e	15	0
1	0x01b30b190e	0x01b30b190e	15	1
1	0x01b30b190e	0x01b30b190e	15	1
1	0x01b30b190e	0x02b30b190e	15	0
1	0x01b30b190e	0x01b30b190e	15	1
1	0x01b30b190e	0x01b30b190e	15	1
1	0x01b30b190e	0x01b30b190e	15	1
1	0x01b30b190e	0x01b30b190e	15	1
1	0x01b30b190e	0x01b30b190e	15	1
1	0x01b30b190e	0x01b30b190e	15	1
1	0x01b30b190e	0x01b30b190e	15	1
1	0x01b30b190e	0x01b30b190e	15	1
1	0x01b30b190e	0x01b30b190e	15	1
1	0x01b30b190e	0x01b30b190e	15	1
1	0x01b30b190e	0x01b30b190e	15	1
1	0x01b30b190e	0x01b30b190e	15	1
1	0x01b30b190e	0x01930b190e	15	0
1	0x01b30b190e	0x01b30b190e	15	1
1	0x01b30b190e	0x01b30b190e	15	1
1	0x01b30b190e	0x01b30b190e	15	1
1	0x01b30b190e	0x01b30b190e	15	1
1	0x01b30b190e	0x29b30b19ae	15	0
1	0x01b30b190e	0xc1b10b190e	15	0
1	0x01b30b190e	0x29bb0b650e	15	0
1	0x01b30b190e	0x01b30b190e	16	1
1	0x01b30b190e	0x01b30b180e	15	0
1	0x01b30b190e	0x01b30b190e	15	1
1	0x01b30b190e	0x11b30b190e	15	0
1	0x01b30b190e	0x01b30b190e	15	1
1	0x01b30b190e	0x01b30b190e	15	1
1	0x01b30b190e	0x01b30b190e	15	1
1	0x01b30b190e	0x01b30b190e	15	1
1	0x01b30b190e	0x01b30b190e	15	1
1	0x01b30b190e	0x01b30b190e	15	1
1	0x01b30b190e	0x01b30b190e	15	1
1	0x01b30b190e	0x01b30b190e	15	1
1	0x01b30b190e	0x01b30b190e	15	1
1	0x01b30b190e	0x01b30b310e	15	0
1	0x01b30b190e	0x01b30b190e	15	1
1	0x01b30b190e	0x01b30b190e	15	1
1	0x01b30b190e	0x01b30b190e	15	1
1	0x01b30b190e	0x01b30b190e	15	1
1	0x01b30b190e	0x01b30b190e	15	1
1	0x01b30b190e	0x01f30b190e	15	0
1	0x01b30b190e	0x01b30b190e	15	1
1	0x01b30b190e	0x01b30b190e	15	1
1	0x01b30b190e	0x01b30b190e	15	1
1	0x01b30b190e	0x01b30b710e	15	0
1	0x01b30b190e	0x01b30b190e	15	1
1	0x01b30b190e	0x01b30b190e	15	1
1	0x01b30b190e	0x01b30b190e	15	1
1	0x01b30b190e	0x01b30b190e	15	1
1	0x01b30b190e	0x01b30b190e	15	1
1	0x01b30b190e	0x01b30b190e	15	1
1	0x01b30b190e	0x02330b190e	15	0
1	0x01b30b190e	0x01b30b190e	15	1
1	0x01b30b190e	0x01b30b190e	15	1
1	0x01b30b190e	0x01b30b190e	15	1
1	0x01b30b190e	0x01b30b190e	15	1
1	0x01b30b190e	0x01b30b180e	15	0
1	0x01b30b190e	0x01810b190e	15	0
1	0x01b30b190e	0x01b30b190e	15	1
1	0x01b30b190e	0x01b30b190e	15	1
1	0x01b30b190e	0x01b30b190e	15	1
1	0x01b30b190e	0x01b30b190e	15	1
1	0x01b30b190e	0x01b30b190e	15	1
1	0x01b30b190e	0x01b30b190e	15	1
1	0x01b30b190e	0x01b30b190e	15	1
1	0x01b30b190e	0x09b31b190e	15	0
1	0x01b30b190e	0x01b30b190e	15	1
1	0x01b30b190e	0x01b30b190e	15	1
1	0x01b30b190e	0x01b30b190e	15	1
1	0x01b30b190e	0x01b30b190e	15	1
1	0x01b30b190e	0x01b30b190e	15	1
1	0x01b30b190e	0x01b30b190e	15	1
1	0x01b30b190e	0x01b30b190e	15	1
1	0x01b30b190e	0x01b30b190e	15	1
1	0x01b30b190e	0x01b30b190e	15	1
1	0x01b30b190e	0x01b38b190e	15	0
1	0x01b30b190e	0x01b30b190e	15	1
1	0x01b30b190e	0x01b30b190e	15	1
1	0x01b30b190e	0x05f30b190e	15	0
1	0x01b30b190e	0x01b30b190e	15	1
1	0x01b30b190e	0x01b30b190e	15	1
1	0x01b30b190e	0x01b30b190e	15	1
1	0x01b30b190e	0x01b30b190e	15	1
1	0x01b30b190e	0x01b30b190e	15	1
1	0x01b30b190e	0x01b30b190e	15	1
1	0x01b30b190e	0x01b30b190e	15	1
1	0x01b30b190e	0x01b30b190e	15	1
1	0x01b30b190e	0x01b30b190e	15	1
1	0x01b30b190e	0x01b30b190e	15	1
1	0x01b30b190e	0x01b30b190e	15	1
1	0x01b30b190e	0x01b30b190e	15	1
1	0x01b30b190e	0x01b30b190e	15	1
1	0x01b30b190e	0x01b30b190e	15	1
1	0x01b30b190e	0x89b30b190e	15	0
1	0x01b30b190e	0x01b30b190e	15	1
1	0x01b30b190e	0x01b30b190e	15	1
1	0x01b30b190e	0x01b30b190e	15	1
1	0x01b30b190e	0x01b30b190e	15	1
1	0x01b30b190e	0x01a30b190e	15	0
1	0x01b30b190e	0x39b30b190e	15	0
1	0x01b30b190e	0xd9b30b190e	15	0
1	0x01b30b190e	0x01b30b090e	15	0
1	0x01b30b190e	0x03b30b190e	15	0
1	0x01b30b190e	0x01b30b198e	15	0
1	0x01b30b190e	0x01b30b190e	15	1
1	0x01b30b190e	0x89b30b190e	15	0
1	0x01b30b190e	0x01b30b090e	15	0
1	0x01b30b190e	0x01b30b190e	15	1
1	0x01b30b190e	0x01b30b190e	15	1
1	0x01b30b190e	0x00330b190e	15	0
1	0x01b30b190e	0x29b30b19ae	15	0
1	0x01b30b190e	0x01b30b190e	15	1
1	0x01b30b190e	0x01b30b190e	15	1
1	0x01b30b190e	0x01b30b190e	15	1
1	0x01b30b190e	0x01b30b190e	15	1
1	0x01b30b190e	0x01b30b180e	15	0
1	0x01b30b190e	0x01b30b190e	15	1
1	0x01b30b190e	0x01b30b190e	15	1
1	0x01b30b190e	0x01b30b190e	15	1
1	0x01b30b190e	0x01b30b190e	15	1
1	0x01b30b190e	0x01b30b190e	15	1
1	0x01b30b190e	0x02730d190e	15	0
1	0x01b30b190e	0x01b30b190e	15	1
1	0x01b30b190e	0x01b30b190e	15	1
1	0x01b30b190e	0x01b30b190e	15	1
1	0x01b30b190e	0x01b30b190e	15	1
1	0x01b30b190e	0x01b30b190e	15	1
1	0x01b30b190e	0x01b30b190e	15	1
1	0x01b30b190e	0x01b30b190e	15	1
1	0x01b30b190e	0x01b30b190e	15	1
1	0x01b30b190e	0x01b30b190e	15	1
1	0x01b30b190e	0x01b30b190e	15	1
1	0x01b30b190e	0x01b30b190e	15	1
1	0x01b30b190e	0x01b30b190e	15	1
1	0x01b30b190e	0x1db30b190e	15	0
1	0x01b30b190e	0x01b30b190e	15	1
1	0x01b30b190e	0x01b30b190e	15	1
1	0x01b30b190e	0x01b30b190e	15	1
1	0x01b30b190e	0x01b30b180e	15	0
1	0x01b30b190e	0x01b30b190e	15	1
1	0x01b30b190e	0x01b30b190e	15	1
1	0x01b30b190e	0x01b30b190e	15	1
1	0x01b30b190e	0x01b30b190e	15	1
1	0x01b30b190e	0x01b30b190e	15	1
1	0x01b30b190e	0x01b30b190e	15	1
1	0x01b30b190e	0x01b30b190e	15	1
1	0x01b30b190e	0x01b30b190e	15	1
1	0x01b30b190e	0x01b30b190e	15	1
1	0x01b30b190e	0x01b30b190e	15	1
1	0x01b30b190e	0x01b30b190e	15	1
1	0x01b30b190e	0x01b30b190e	15	1
1	0x01b30b190e	0x01b30b190e	15	1
1	0x01b30b190e	0x01b30b190e	15	1
1	0x01b30b190e	0x01b30b190e	15	1
1	0x01b30b190e	0x01330b190e	15	0
1	0x01b30b190e	0x01b30b190e	15	1
1	0x01b30b190e	0x01b30b190e	15	1
1	0x01b30b190e	0x09f30b190e	15	0
1	0x01b30b190e	0x01b30b190e	15	1
1	0x01b30b190e	0x01b30b190e	15	1
1	0x01b30b190e	0x01b30b190e	15	1
1	0x01b30b190e	0x01b30b190e	15	1
1	0x01b30b190e	0x01b30b190e	15	1
1	0x01b30b190e	0x01b30b190e	15	1
1	0x01b30b190e	0x01b30b190e	15	1
1	0x01b30b190e	0x01b30b190e	15	1
1	0x01b30b190e	0x01b30b190e	15	1
1	0x01b30b190e	0x01b30b19ce	15	0
1	0x01b30b190e	0x01b30b180e	15	0
1	0x01b30b190e	0x01b30b190e	15	1
1	0x01b30b190e	0x01b30b190e	15	1
1	0x01b30b190e	0x01b30b190e	15	1
1	0x01b30b190e	0x01b30b190e	15	1
1	0x01b30b190e	0x01b30b190e	15	1
1	0x01b30b190e	0x01b30b190e	15	1
1	0x01b30b190e	0x01b30b190e	15	1
1	0x01b30b190e	0x01b30b190e	15	1
1	0x01b30b190e	0x01b30b190e	15	1
1	0x01b30b190e	0x01b30b190e	15	1
1	0x01b30b190e	0x01b30b190e	15	1
1	0x01b30b190e	0x01b30b180e	15	0
1	0x01b30b190e	0x01b30b190e	15	1
1	0x01b30b190e	0x01b30b190e	15	1
1	0x01b30b190e	0x0e770b190e	15	0
1	0x01b30b190e	0x01b30b190e	15	1
1	0x01b30b190e	0x01b30b190e	15	1
1	0x01b30b190e	0x01b30c990e	15	0
1	0x01b30b190e	0x01b30b190e	15	1
1	0x01b30b190e	0x01b30b190e	15	1
1	0x01b30b190e	0x01b30b190e	15	1
1	0x01b30b190e	0x01b30b190e	15	1
1	0x01b30b190e	0x01b30b190e	15	1
1	0x01b30b190e	0x01b30b190e	15	1
1	0x01b30b190e	0x01b30b190e	15	1
1	0x01b30b190e	0x01b30b190e	15	1
1	0x01b30b190e	0x01b30b190e	15	1
1	0x01b30b190e	0x01b30b190c	15	0
1	0x01b30b190e	0x01b30b1900	15	0
1	0x01b30b190e	0x01b30b190e	15	1
1	0x01b30b190e	0x01b30b190e	15	1
1	0x01b30b190e	0x01b30b180e	15	0
1	0x01b30b190e	0x01b30b190e	15	1
1	0x01b30b190e	0x01b30b190e	15	1
1	0x01b30b190e	0x01b30b190e	15	1
1	0x01b30b190e	0x01b30b190e	15	1
1	0x01b30b190e	0x01b30b190e	15	1
1	0x01b30b190e	0x01b30b190e	15	1
1	0x01b30b190e	0x01b30b180e	15	0
1	0x01b30b190e	0x01b30b190e	15	1
1	0x01b30b190e	0x01b30b190e	15	1
1	0x01b30b190e	0x01b30b190e	15	1
1	0x01b30b190e	0x01b30b198e	14	0
1	0x01b30b190e	0x01b30b190e	15	1
1	0x01b30b190e	0x01b30b190e	15	1
1	0x01b30b190e	0x01b30b190e	15	1
1	0x01b30b190e	0x01b30b190e	15	1
1	0x01b30b190e	0x01b30b180e	15	0
1	0x01b30b190e	0x01b38b190e	15	0
1	0x01b30b190e	0x01b30b190e	15	1
1	0x01b30b190e	0x01b30b190e	15	1
1	0x01b30b190e	0x01b30b190e	15	1
1	0x01b30b190e	0x01b30b190e	15	1
1	0x01b30b190e	0x01b30b190e	15	1
1	0x01b30b190e	0x01b30b190e	15	1
1	0x01b30b190e	0x01b30b191e	15	0
1	0x01b30b190e	0x01b30b180e	15	0
1	0x01b30b190e	0x00b30b190e	15	0
1	0x01b30b190e	0x01b30b190e	15	1
1	0x01b30b190e	0x01b30b190e	15	1
1	0x01b30b190e	0x01b30b190e	15	1
1	0x01b30b190e	0x01b30b190e	15	1
1	0x01b30b190e	0x01b30b190a	15	0
1	0x01b30b190e	0x09b30b190e	15	0
1	0x01b30b190e	0x01b30b190e	15	1
1	0x01b30b190e	0x01b30b190e	15	1
1	0x01b30b190e	0x01b30b190e	15	1
1	0x01b30b190e	0x09b30b190e	15	0
1	0x01b30b190e	0x01b30b190e	15	1
1	0x01b30b190e	0x01b30b190e	15	1
1	0x01b30b190e	0x01b30b190e	15	1
1	0x01b30b190e	0x01b30b190e	15	1
1	0x01b30b190e	0x01b30b190e	15	1
1	0x01b30b190e	0x01b30b190e	15	1
1	0x01b30b190e	0x01b30b190e	15	1
1	0x01b30b190e	0x01b30b190e	15	1
1	0x01b30b190e	0x01b30b190e	15	1
1	0x01b30b190e	0x09b30b190e	15	0
1	0x01b30b190e	0x01b30b190e	15	1
1	0x01b30b190e	0x01f30b190e	15	0
1	0x01b30b190e	0x01b30b190e	15	1
1	0x01b30b190e	0x01b30b190e	15	1
1	0x01b30b190e	0x01b30b190e	15	1
1	0x01b30b190e	0x01b30b190e	15	1
1	0x01b30b190e	0x01b30b190e	15	1
1	0x01b30b190e	0x01b30b190e	15	1
1	0x01b30b190e	0x01b34b190e	15	0
1	0x01b30b190e	0x01b30b190e	15	1
1	0x01b30b190e	0x01b30b190e	15	1
1	0x01b30b190e	0x01b30b190e	15	1
1	0x01b30b190e	0x01b30b180e	15	0
1	0x01b30b190e	0x01b30b190e	15	1
1	0x01b30b190e	0x01b30b190e	15	1
1	0x01b30b190e	0x01b30b190e	15	1
1	0x01b30b190e	0x01b30b190e	15	1
1	0x01b30b190e	0x01b30b190e	15	1
1	0x01b30b190e	0x01b30b190e	15	1
1	0x01b30b190e	0x01b30b590e	15	0
1	0x01b30b190e	0x01b30b190e	15	1
1	0x01b30b190e	0x01b30b190e	15	1
1	0x01b30b190e	0x01b30b190e	15	1
1	0x01b30b190e	0x01b30b190e	15	1
1	0x01b30b190e	0x01b30b190e	15	1
1	0x01b30b190e	0x01b30b190e	15	1
1	0x01b30b190e	0x01b30b190e	15	1
1	0x01b30b190e	0x01b30b190e	15	1
1	0x01b30b190e	0x01850b190e	15	0
1	0x01b30b190e	0x01b30b190e	15	1
1	0x01b30b190e	0x01b30b190e	15	1
1	0x01b30b190e	0x01b30b190e	15	1
1	0x01b30b190e	0x01b30b190e	15	1
1	0x01b30b190e	0x21b30b190e	15	0
1	0x01b30b190e	0x01b30b190e	15	1
1	0x01b30b190e	0x01b30b194e	15	0
1	0x01b30b190e	0x01b30b190e	15	1
1	0x01b30b190e	0x01b30b190e	15	1
1	0x01b30b190e	0x01b30b190e	15	1
1	0x01b30b190e	0x01b30b190e	15	1
1	0x01b30b190e	0x01b30b190e	15	1
1	0x01b30b190e	0x01b30b190e	15	1
1	0x01b30b190e	0x01b30b190e	15	1
1	0x01b30b190e	0x01b30b190e	15	1
1	0x01b30b190e	0x01b30b190e	15	1
1	0x01b30b190e	0x01b30b190e	15	1
1	0x01b30b190e	0x01b30b190e	15	1
1	0x01b30b190e	0x19b30b194e	15	0
1	0x01b30b190e	0x01b30b190e	15	1
1	0x01b30b190e	0x01b30b190e	15	1
1	0x01b30b190e	0x01b30b190e	15	1
1	0x01b30b190e	0x81b30b190e	15	0
1	0x01b30b190e	0x01b30b190e	15	1
1	0x01b30b190e	0x01b30b190e	15	1
1	0x01b30b190e	0x01b30b190e	15	1
1	0x01b30b190e	0x01b30b190e	15	1
1	0x01b30b190e	0x01b30b190e	15	1
1	0x01b30b190e	0x00b30b190e	15	0
1	0x01b30b190e	0x01b30b190e	15	1
1	0x01b30b190e	0x01b30b190e	15	1
1	0x01b30b190e	0x01b30b190e	15	1
1	0x01b30b190e	0x01b30b190e	15	1
1	0x01b30b190e	0x01b30b190e	15	1
1	0x01b30b190e	0x01b30b190e	15	1
1	0x01b30b190e	0x01b32b190e	15	0
1	0x01b30b190e	0x01b70a190e	15	0
1	0x01b30b190e	0x02b30b190e	15	0
1	0x01b30b190e	0x01b30b190e	15	1
1	0x01b30b190e	0x01b30b190e	15	1
1	0x01b30b190e	0x01b30b190e	15	1
1	0x01b30b190e	0x01b30b190e	15	1
1	0x01b30b190e	0x01b30b190e	15	1
1	0x01b30b190e	0x01f30b190e	15	0
1	0x01b30b190e	0x01b30b190e	15	1
1	0x01b30b190e	0x01b30b190e	15	1
1	0x01b30b190e	0x01b30b190e	15	1
1	0x01b30b190e	0x01b30b190e	15	1
1	0x01b30b190e	0x01b30b190e	15	1
1	0x01b30b190e	0x01b30b180e	15	0
1	0x01b30b190e	0x01b30b190e	15	1
1	0x01b30b190e	0x01b30b190e	15	1
1	0x01b30b190e	0x02b30b180e	15	0
1	0x01b30b190e	0x01b30b190e	15	1
1	0x01b30b190e	0x01b30b190e	15	1
1	0x01b30b190e	0x01b30b190e	15	1
1	0x01b30b190e	0x01b30b190e	15	1
1	0x01b30b190e	0x01b30b190e	15	1
1	0x01b30b190e	0x01b30b190e	15	1
1	0x01b30b190e	0x01b30b190e	15	1
1	0x01b30b190e	0x01b30b190e	15	1
1	0x01b30b190e	0x01b30b190e	15	1
1	0x01b30b190e	0x01b30b190e	15	1
1	0x01b30b190e	0x01b30b190e	15	1
1	0x01b30b190e	0x01b30b190e	15	1
1	0x01b30b190e	0x01b30b190e	15	1
1	0x01b30b190e	0x01b30b190e	15	1
1	0x01b30b190e	0x01b30b190e	15	1
1	0x01b30b190e	0x01b30b190e	15	1
1	0x01b30b190e	0x01b30b190e	15	1
1	0x01b30b190e	0x31b30b190e	15	0
1	0x01b30b190e	0x01b30b190e	15	1
1	0x01b30b190e	0x01b30b190e	15	1
1	0x01b30b190e	0x01b30b190e	15	1
1	0x01b30b190e	0x01b30b190e	15	1
1	0x01b30b190e	0x01b30b190e	15	1
1	0x01b30b190e	0x01b30b190e	15	1
1	0x01b30b190e	0x01b30b090e	15	0
1	0x01b30b190e	0x01b30b190e	15	1
1	0x01b30b190e	0x01b30b190e	15	1
1	0x01b30b190e	0x01b30b180e	15	0
1	0x01b30b190e	0x01b30b190e	15	1
1	0x01b30b190e	0x01b30b190e	15	1
1	0x01b30b190e	0x01b30b190e	15	1
1	0x01b30b190e	0x01b30b190e	15	1
1	0x01b30b190e	0x01b30b190e	15	1
1	0x01b30b190e	0x01b10b190e	15	0
1	0x01b30b190e	0x01b30b190e	15	1
1	0x01b30b190e	0x41b30b290e	15	0
1	0x01b30b190e	0x01b30b190e	15	1
1	0x01b30b190e	0x04f30b190e	15	0
1	0x01b30b190e	0x01b30b190e	15	1
1	0x01b30b190e	0x01b30b190e	15	1
1	0x01b30b190e	0x01b30b190e	15	1
1	0x01b30b190e	0x01b30b190e	15	1
1	0x01b30b190e	0x01b32b190e	15	0
1	0x01b30b190e	0x01b30b190e	15	1
1	0x01b30b190e	0x01b30b190e	15	1
1	0x01b30b190e	0x01b30b190e	15	1
1	0x01b30b190e	0x01b30b190e	15	1
1	0x01b30b190e	0x29b30b19ae	15	0
1	0x01b30b190e	0x01b30b190e	15	1
1	0x01b30b190e	0x01b30b190e	15	1
1	0x01b30b190e	0x01b30b190e	15	1
1	0x01b30b190e	0x01b30b190e	15	1
1	0x01b30b190e	0x00f30b190e	15	0
1	0x01b30b190e	0x01b30b190e	15	1
1	0x01b30b190e	0x01b30b190e	15	1
1	0x01b30b190e	0x59b30b190e	15	0
1	0x01b30b190e	0x01b30b190e	15	1
1	0x01b30b190e	0x02330b2d0e	15	0
1	0x01b30b190e	0x01b30b190e	15	1
1	0x01b30b190e	0x01b30b190e	15	1
1	0x01b30b190e	0x01b30b190e	15	1
1	0x01b30b190e	0x01b30b190e	15	1
1	0x01b30b190e	0x03b30b190e	15	0
1	0x01b30b190e	0x01b30b190e	15	1
1	0x01b30b190e	0x01b30b190e	15	1
1	0x01b30b190e	0x01b30b190e	15	1
1	0x01b30b190e	0x01b30b190e	15	1
1	0x01b30b190e	0x01b30b190e	15	1
1	0x01b30b190e	0x01b30b190a	15	0
1	0x01b30b190e	0x01b30b190e	15	1
1	0x01b30b190e	0x01b30b190e	15	1
1	0x01b30b190e	0x01b30b190e	15	1
1	0x01b30b190e	0x01b30b190e	15	1
1	0x01b30b190e	0x01b30b190e	15	1
1	0x01b30b190e	0x01b30b180e	15	0
1	0x01b30b190e	0x01b30b190e	15	1
1	0x01b30b190e	0x01b30b190e	15	1
1	0x01b30b190e	0x01b30b190e	15	1
1	0x01b30b190e	0x01b30b190e	15	1
1	0x01b30b190e	0x01b30b1b0e	15	0
1	0x01b30b190e	0x01b30b190e	15	1
1	0x01b30b190e	0x01b30b190e	15	1
1	0x01b30b190e	0x01b30b190e	15	1
1	0x01b30b190e	0x01b31b190e	15	0
1	0x01b30b190e	0x01b30b190e	15	1
1	0x01b30b190e	0x01b30b190e	15	1
1	0x01b30b190e	0x01b30b190e	15	1
1	0x01b30b190e	0x01b30b190e	15	1
1	0x01b30b190e	0x01b30b190e	15	1
1	0x01b30b190e	0x01b30b190e	15	1
1	0x01b30b190e	0x01b30b190e	15	1
1	0x01b30b190e	0x01b30b190e	15	1
1	0x01b30b190e	0x01b30b190e	15	1
1	0x01b30b190e	0x01b30b190e	15	1
1	0x01b30b190e	0x01b30b190e	15	1
1	0x01b30b190e	0x01b30b190e	15	1
1	0x01b30b190e	0x01b30b190e	15	1
1	0x01b30b190e	0x01b30b990e	15	0
1	0x01b30b190e	0x01b30b190e	15	1
1	0x01b30b190e	0x01b30b190e	15	1
1	0x01b30b190e	0x01b30b190e	15	1
1	0x01b30b190e	0x01b30b190e	15	1
1	0x01b30b190e	0x01b30b190e	15	1
1	0x01b30b190e	0x19b30b190e	15	0
1	0x01b30b190e	0x01b30b190e	15	1
1	0x01b30b190e	0x01b30b190e	15	1
1	0x01b30b190e	0x09b30b190e	15	0
1	0x01b30b190e	0x01b700190e	15	0
1	0x01b30b190e	0x01b30b190e	15	1
1	0x01b30b190e	0x01b30b190e	15	1
1	0x01b30b190e	0x01b30b190e	15	1
1	0x01b30b190e	0x0ff50b190e	15	0
1	0x01b30b190e	0x01b30b190e	15	1
1	0x01b30b190e	0x79b30b190f	15	0
1	0x01b30b190e	0x01b30b190e	15	1
1	0x01b30b190e	0x01b30b190e	15	1
1	0x01b30b190e	0x01b30b190e	15	1
1	0x01b30b190e	0x01b30b190e	15	1
1	0x01b30b190e	0x01b30b190e	15	1
1	0x01b30b190e	0x01b30b190e	15	1
1	0x01b30b190e	0x01b30b190e	15	1
1	0x01b30b190e	0x01b30b190e	15	1
1	0x01b30b190e	0x01b30b191e	15	0
1	0x01b30b190e	0x01b30b190e	15	1
1	0x01b30b190e	0x01b30b190e	15	1
1	0x01b30b190e	0x01b30b190e	15	1
1	0x01b30b190e	0x81b30b190e	15	0
1	0x01b30b190e	0x00330b190e	15	0
1	0x01b30b190e	0x01b30b190e	15	1
1	0x01b30b190e	0x01b30b190e	15	1
1	0x01b30b190e	0x01b30b190e	15	1
1	0x01b30b190e	0x01b30b190e	15	1
1	0x01b30b190e	0x01b30b190e	15	1
1	0x01b30b190e	0x01b30b190e	15	1
1	0x01b30b190e	0x01b30b190e	15	1
1	0x01b30b190e	0x01b30b190e	15	1
1	0x01b30b190e	0x01b30b190e	15	1
1	0x01b30b190e	0x01b30b190e	15	1
1	0x01b30b190e	0x01bb0b190e	15	0
1	0x01b30b190e	0x01b30b190e	15	1
1	0x01b30b190e	0x11b30b190e	15	0
1	0x01b30b190e	0x01b30b190e	15	1
1	0x01b30b190e	0x01b30b190e	15	1
1	0x01b30b190e	0x01b30b190e	15	1
1	0x01b30b190e	0x01b30b190e	15	1
1	0x01b30b190e	0x01b30b190e	15	1
1	0x01b30b190e	0x01b30b190e	15	1
1	0x01b30b190e	0x01b30b190e	15	1
1	0x01b30b190e	0x01b30b190e	15	1
1	0x01b30b190e	0x01b30b190e	15	1
1	0x01b30b190e	0x01b30b990e	15	0
1	0x01b30b190e	0x01b30b190e	15	1
1	0x01b30b190e	0x01b30b190e	15	1
1	0x01b30b190e	0x01b30b190e	15	1
1	0x01b30b190e	0x01b30b190e	15	1
1	0x01b30b190e	0x01b30b190e	15	1
1	0x01b30b190e	0x01b30b290e	15	0
1	0x01b30b190e	0x01b30b190e	15	1
1	0x01b30b190e	0x01b30b190e	15	1
1	0x01b30b190e	0x01b30b190e	15	1
1	0x01b30b190e	0x01b30b190e	15	1
1	0x01b30b190e	0x01b30b190e	15	1
1	0x01b30b190e	0x01b30b190e	15	1
1	0x01b30b190e	0x01b30b190e	15	1
1	0x01b30b190e	0x01b30b190e	15	1
1	0x01b30b190e	0x01b30b190e	15	1
1	0x01b30b190e	0x01b30b190e	15	1
1	0x01b30b190e	0x01b30b190e	15	1
1	0x01b30b190e	0x01b30b190e	15	1
1	0x01b30b190e	0x79b30b190e	15	0
1	0x01b30b190e	0x01b30b190e	15	1
1	0x01b30b190e	0x01b30b190e	15	1
1	0x01b30b190e	0x01b34b190e	15	0
1	0x01b30b190e	0x01b30b190e	15	1
1	0x01b30b190e	0x09b30b190e	15	0
1	0x01b30b190e	0x41b30b190e	15	0
1	0x01b30b190e	0x01b30b190e	15	1
3	0x01b30b190e	0x11b30b180e	15	0
3	0x81b30b190e	0x81b30b190e	15	1
3	0x01b30b190e	0x01b30b190e	15	1
3	0x01b30b190e	0x01b30b190e	15	1
3	0x01b30b190e	0x01b30b190e	15	1
3	0x01b30b190e	0x01b30b190e	15	1
3	0x01b30b190e	0x01b30b190e	15	1
3	0x01b30b190e	0x01b30b190e	15	1
3	0x01b30b190e	0x01b30b190e	15	1
3	0x01b30b190e	0x01b30b180e	15	0
3	0x01b30b190e	0x01b30b190e	15	1
3	0x01b30b190e	0x01b30b190e	15	1
3	0x01b30b190e	0x8a330b190e	15	0
3	0x01b30b190e	0x01b30b190e	15	1
3	0x01b30b190e	0x01b30b190e	15	1
3	0x01b30b190e	0x01b30b190e	15	1
3	0x01b30b190e	0x01b30b190e	15	1
3	0x01b30b190e	0x01b30b190e	15	1
3	0x01b30b190e	0x01b30b190e	15	1
3	0x01b30b190e	0x02b30b194e	15	0
3	0x01b30b190e	0x01b30b190e	15	1
3	0x01b30b190e	0x01b50b990e	15	0
3	0x01b30b190e	0x01b30b180e	15	0
3	0x01b30b190e	0x01b30b190e	15	1
3	0x01b30b190e	0x01b30b1906	15	0
3	0x01b30b190e	0x01b30b190e	15	1
3	0x01b30b190e	0x01b30b190e	15	1
3	0x01b30b190e	0x00330b190e	15	0
3	0x01b30b190e	0x01b30b190e	15	1
3	0x01b30b190e	0x11b30b190e	15	0
3	0x01b30b190e	0x01b30b190e	15	1
3	0x01b30b190e	0x01b30b190e	15	1
3	0x01b30b190e	0x01b30b190e	15	1
3	0x01b30b190e	0x01b30b180e	15	0
3	0x01b30b190e	0x01b30b190e	15	1
3	0x01b30b190e	0x01b30b190e	15	1
3	0x01b30b190e	0x01b30b190e	15	1
3	0x01b30b190e	0x09b30b190e	15	0
3	0x01b30b190e	0x01b30b190e	15	1
3	0x01b30b190e	0x01b30b190e	15	1
3	0x01b30b190e	0x01bb0b190e	15	0
3	0x01b30b190e	0x01b30b190e	15	1
3	0x01b30b190e	0x01b30b190e	15	1
3	0x01b30b190e	0x01b30b190e	15	1
3	0x01b30b190e	0x01b30b198e	15	0
3	0x01b30b190e	0x01b30b190e	15	1
3	0x01b30b190e	0x01b30b190e	15	1
3	0x01b30b190e	0x01b30b190e	15	1
3	0x01b30b190e	0x01b30b190e	15	1
3	0x01b30b190e	0x01b30b190e	15	1
3	0x01b30b190e	0x01b30b190e	15	1
3	0x01b30b190e	0x01ef0b190e	15	0
3	0x01b30b190e	0x01b30b190e	15	1
3	0x01b30b190e	0x01b30b190e	15	1
3	0x01b30b190e	0x01b30b190e	15	1
3	0x01b30b190e	0x01b30b190e	15	1
3	0x01b30b190e	0x01b30b190e	15	1
3	0x01b30b190e	0x01b30b190e	15	1
3	0x01b30b190e	0x01b30b190e	15	1
3	0x01b30b190e	0x01b30b190e	15	1
3	0x01b30b190e	0x01b20799ee	15	0
3	0x01b30b190e	0x01b30b190e	15	1
3	0x01b30b190e	0x01b30b190e	15	1
3	0x01b30b190e	0x01b30b190e	15	1
3	0x01b30b190e	0x01b30b190e	15	1
3	0x01b30b190e	0x11b30b190e	15	0
3	0x01b30b190e	0x01b30b190e	15	1
3	0x01b30b190e	0x01b30b190e	15	1
3	0x41b30b190e	0x41b30b190e	15	1
3	0x01b30b190e	0x01b30b190e	15	1
3	0x01b30b190e	0xb9b30b190f	15	0
3	0x01b30b190e	0x01b30b190e	15	1
3	0x01b30b190e	0x01b30b190e	15	1
3	0x01b30b190e	0x01b30b190e	15	1
3	0x01b30b190e	0x41b30b190e	15	0
3	0x01b30b190e	0x01b30b190e	15	1
3	0x01b30b190e	0x01b30b190e	15	1
3	0x01b30b190e	0x01b30b190e	15	1
3	0x01b30b190e	0x01b30b190e	15	1
3	0x01b30b190e	0x01b30b190e	15	1
3	0x01b30b190e	0x01b30b190a	15	0
3	0x01b30b190e	0x01b30b190e	15	1
3	0x01b30b190e	0x01b30b190e	15	1
3	0x01b30b190e	0x01b30b190e	15	1
3	0x01b30b190e	0x01b30b190e	15	1
3	0x01b30b190e	0x01b30b190e	15	1
3	0x01b30b190e	0x01b30b190e	15	1
3	0x01b30b190e	0x01b30b190e	15	1
3	0x01b30b190e	0x01b30b190e	15	1
3	0x01b30b190e	0x01b30b190e	15	1
3	0x01b30b190e	0x01b30b190e	15	1
3	0x01b30b190e	0x01b30b190e	15	1
3	0x01b30b190e	0x01b30b190e	15	1
3	0x01b30b190e	0x01b30b190e	15	1
3	0x01b30b190e	0x01b30b190e	15	1
3	0x01b30b190e	0x01b30b190e	15	1
3	0x01b30b190e	0x01b30b190e	15	1
3	0x01b30b190e	0x01b30b190e	15	1
3	0x01b30b190e	0x01b30b190e	15	1
3	0x01b30b190e	0x01b30b190e	15	1
3	0x01b30b190e	0x01b30b290e	15	0
3	0x01b30b190e	0x01b30b190e	15	1
3	0x01b30b190e	0x01b30b190e	15	1
3	0x01b30b190e	0x01b30b190e	15	1
3	0x01b30b190e	0x02b30b190e	15	0
3	0x01b30b190e	0x01b30b190e	15	1
3	0x01b30b190e	0x01b30b190e	15	1
3	0x01b30b190e	0x01b30b190e	15	1
3	0x01b30b190e	0x03b30b190e	15	0
3	0x01b30b190e	0x01b30b190e	15	1
3	0xd9b30b190e	0xd9f30b190e	15	0
3	0x01b30b190e	0x01b30b190e	15	1
3	0x89b30b190e	0x89b30b190e	15	1
3	0x01b30b190e	0x01b30b190e	15	1
3	0x01b30b190e	0x01b30b190e	15	1
3	0x01b30b190e	0x01b30b190e	15	1
3	0x01b30b190e	0x01b30b190e	15	1
3	0x01b30b190e	0x01bb0b190e	15	0
3	0x01b30b190e	0x01b30b190e	15	1
3	0x01b30b190e	0x01b30b190e	15	1
3	0x01b30b190e	0x01b30b190e	15	1
3	0x01b30b190e	0x01f30b190e	15	0
3	0x01b30b190e	0x09f31b190e	15	0
3	0x01b30b190e	0x01b30b190e	15	1
3	0x01b30b190e	0x01b30b190e	15	1
3	0x01b30b190e	0x01b30b190e	15	1
3	0x01b30b190e	0x01b30b190e	15	1
3	0x01b30b190e	0x01b30b198e	15	0
3	0x01b30b190e	0x01b30b190e	15	1
3	0x01b30b190e	0x39b30b190e	15	0
3	0x01b30b190e	0x01b30b190e	15	1
3	0x01b30b190e	0x01b30b190e	15	1
3	0x01b30b190e	0x01b30b190e	15	1
3	0x01b30b190e	0x29b31b2d0e	15	0
3	0x01b30b190e	0x01b30b190e	15	1
3	0x01b30b190e	0x2e730b19b2	15	0
3	0x01b30b190e	0x01b30b190e	15	1
3	0x01b30b190e	0x01b30b190e	15	1
3	0x01b30b190e	0x01b30b190e	15	1
3	0x01b30b190e	0x01b30b190e	15	1
3	0x01b30b190e	0x01b30b190e	15	1
3	0x01b30b190e	0x01b30b190e	15	1
3	0x01b30b190e	0x01b30b190e	15	1
3	0x01b30b190e	0x01b30b190e	15	1
3	0x01b30b190e	0x01b30b190e	15	1
3	0x01b30b190e	0x01b30b190e	15	1
3	0x01b30b190e	0x01b30b190e	15	1
3	0x01b30b190e	0x01b30b190e	15	1
3	0x01b30b190e	0x01b30b190e	15	1
3	0x01b30b190e	0x01b30b190e	15	1
3	0x01b30b190e	0x01b30b190e	15	1
3	0x01b30b190e	0x01b30b190e	15	1
3	0x01b30b190e	0x01b30b190e	15	1
3	0x01b30b190e	0x01b30b190e	15	1
3	0x01b30b190e	0x01b30b190e	15	1
3	0x01b30b190e	0x01b38b190e	15	0
3	0x01b30b190e	0x01b30b1b0e	15	0
3	0x01b30b190e	0x01b30b190e	15	1
3	0x01b30b190a	0x19b30b1a00	11	0
3	0x01b30b190e	0x01b30b190e	15	1
3	0x01b30b190e	0x01b30b190e	15	1
3	0x01b30b190e	0x01f30b190e	15	0
3	0x01b30b190e	0x09b30b190e	15	0
3	0x01b30b190e	0x01b30b190e	15	1
3	0x01b30b190e	0x01b31b190e	15	0
3	0x01b30b190e	0x01b30b190e	15	1
3	0x01b30b190e	0x01b30b190e	15	1
3	0x01b30b190e	0x01b30b194e	15	0
3	0x01b30b190e	0x01b30b190e	15	1
3	0x01b30b190e	0x01b30b190e	15	1
3	0x01b30b190e	0x01b30b190e	15	1
3	0x01b30b190e	0x01b30b190e	15	1
3	0x01b30b190e	0x01b30b190e	15	1
3	0x01b30b190e	0x01b30b190e	15	1
3	0x01b30b190e	0x01b30b190e	15	1
3	0x01b30b190e	0x01b30b190e	15	1
3	0x01b30b190e	0x01b30b190e	15	1
3	0x01b30b190e	0x01b30b190e	15	1
3	0x01b30b190e	0x01b30b190e	15	1
3	0x01b30b190e	0x01b30b190e	15	1
3	0x01b30b190e	0x01b30b190e	15	1
3	0x01b30b190e	0x01b30b190e	15	1
3	0x01b30b190e	0x01b30b190e	15	1
3	0x01b30b190e	0x01b30b190e	15	1
3	0x01b30b190e	0x01b30b190e	15	1
3	0x01b30b190e	0x01b30b190e	15	1
3	0x01b30b190e	0x02730b190e	15	0
3	0x01b30b190e	0x01b30b190e	15	1
3	0x01b30b190e	0x01b30b190e	15	1
3	0x01b30b190e	0x04730b1912	15	0
3	0x01b30b190e	0x01b30b190e	15	1
3	0x01b30b190e	0x01b30b190e	15	1
3	0x01b30b190e	0x01b30b190e	15	1
3	0x01b30b190e	0x01b30b190e	15	1
3	0x01b30b190e	0x01b30b190e	15	1
3	0x01b30b190e	0x01b30b190e	15	1
3	0x01b30b190e	0x01b30b190e	15	1
3	0x01b30b190e	0x01b30b190e	15	1
3	0x01b30b190e	0x01b30b190e	15	1
3	0x01b30b190e	0x01b38b190e	15	0
3	0x01b30b190e	0x02330b190e	15	0
3	0x01b30b190e	0x01b30b190e	15	1
3	0x01b30b190e	0x01b30b190e	15	1
3	0x01b30b190e	0x01b30b190e	15	1
3	0x01b30b190e	0x11b70b190e	15	0
3	0x01b30b190e	0x01b30b190e	15	1
3	0x01b30b190e	0x01b309190e	15	0
3	0x01b30b190e	0x01b30b190e	15	1
3	0x01b30b190e	0x01b30b190e	15	1
3	0x01b30b190e	0x01b30b190e	15	1
3	0x01b30b190e	0x01b30b190e	15	1
3	0x01b30b190e	0x01b30b190e	15	1
3	0x01b30b190e	0x01b30b190e	15	1
3	0x01b30b190e	0x01b30b190e	15	1
3	0x01b30b190e	0x01b30b190e	15	1
3	0x01b30b190e	0x01b30b190e	15	1
3	0x01b30b190e	0x01b30b190e	15	1
3	0x01b30b190e	0x01b30b190e	15	1
3	0x01b30b190e	0x01b30b190e	15	1
3	0x59b30b190e	0x59b30b190e	15	1
3	0x01b30b190e	0x01b30b190e	15	1
3	0x01b30b190e	0x01b30b190e	15	1
3	0x01b30b190e	0x01b30b190e	15	1
3	0x01b30b190e	0x01b30b190e	15	1
3	0x01b30b190e	0x01b30b190e	15	1
3	0x01b30b190e	0x19f30b196e	15	0
3	0x01b30b190a	0x01b30b190a	11	1
3	0x01b30b190e	0x01b30b190e	15	1
3	0x01b30b190e	0x11b30b190e	15	0
3	0x01b30b190e	0x01b30b190e	15	1
3	0x01b30b190e	0x01b30b190e	15	1
3	0x01b30b190e	0x01b30b190e	15	1
3	0x01b30b190e	0x01b30b190e	15	1
3	0x01b30b190e	0x01b30b190e	15	1
3	0x01b30b190e	0x01b30b190e	15	1
3	0x01b30b190e	0x01b30b190e	15	1
3	0x01b30b190e	0x01b30b190e	15	1
3	0x01b30b190e	0x01b30b191e	15	0
3	0x01b30b190e	0x01b30b190e	15	1
3	0x01b30b190e	0x01b30b190e	15	1
3	0x01b30b190e	0x01b30b190e	15	1
3	0x01b30b190e	0x01b30b190e	15	1
3	0x01b30b190e	0x01b30b190e	15	1
3	0x01b30b190e	0x01b30b190e	15	1
3	0x01b30b190e	0x19b30b190e	15	0
3	0x81b30b190e	0x81b50b350e	15	0
3	0x01b30b190e	0x01b30b190e	15	1
3	0x01b30b190e	0x01b30b190e	15	1
3	0x01b30b190e	0x11b30b190e	15	0
3	0x01b30b190e	0x01b30b190e	15	1
3	0x11b30b190e	0x11b30b190e	15	1
3	0x01b30b190e	0x01b30b190e	15	1
3	0x01b30b190e	0x01b30b190e	15	1
3	0x01b30b190e	0x01b30b190e	15	1
3	0x01b30b190e	0x01b30b190e	15	1
3	0x01b30b190e	0x01b30b390e	15	0
3	0x01b30b190e	0x01b30b190e	15	1
3	0x01b30b190e	0x01b30b190e	15	1
3	0x01b30b190e	0x01b30b190e	15	1
3	0x01b30b190e	0x01b30b190e	15	1
3	0x01b30b190e	0x01b30b190e	15	1
3	0x01b30b190e	0x01b30b190e	15	1
3	0x01b30b190e	0x01b30b190e	15	1
3	0x01b30b190e	0x01b30b190e	15	1
3	0x01b30b190e	0x01b30b190e	15	1
3	0x41b30b190e	0x41b30b190e	15	1
3	0x01b30b190e	0x01b30b190e	15	1
5	0x01b30b190e	0x01b30b190e	15	1
5	0x01b30b190e	0x19b30b196e	15	0
5	0x01b30b190e	0x01b30b190e	15	1
5	0x01b30b190e	0x01b30b190e	15	1
5	0x01b30b190e	0x01b30b190e	15	1
5	0x01b30b190e	0x01b30b190e	15	1
5	0x01b30b190e	0x01b70b190e	15	0
5	0x01b30b190e	0x01b30b190e	15	1
5	0x01b30b190e	0x01b30b190e	15	1
5	0x01b30b190e	0x01b30b190e	15	1
5	0x11b30b190e	0x11b30b190e	15	1
5	0x01b30b190e	0x01b30b190e	15	1
5	0x01b30b190e	0x01b30b190e	15	1
5	0x01b30b190e	0x01b30b190e	15	1
5	0x01b30b190e	0x01b30b190e	15	1
5	0x01b30b190e	0x01b30b190e	15	1
5	0x01b30b190e	0x01b30b210e	15	0
5	0x01b30b190e	0x01b30b190e	15	1
5	0x01b30b190e	0x01b30b190e	15	1
5	0x01b30b190e	0x05b30b190e	15	0
5	0x01b30b190e	0x01b30b190e	15	1
5	0x01b30b190e	0x01b30b190e	15	1
5	0x01b30b190e	0x01bb0b190e	15	0
5	0x01b30b190e	0x01b30b190e	15	1
5	0x01b30b190e	0x01b30b190e	15	1
5	0x01b30b190e	0x01b30b190e	15	1
5	0x01b30b190e	0x01b30b190e	15	1
5	0x01b30b190e	0x01b30b190e	15	1
5	0x01b30b190e	0x01b30b190e	15	1
5	0x01b30b190e	0x01b30b190e	15	1
5	0x01b30b190e	0x01b30b190e	15	1
5	0x01b30b190e	0x01b30b190e	15	1
5	0x01b30b190e	0x01b30b190e	15	1
5	0x01b30b190e	0x01b30b190e	15	1
5	0x01b30b190e	0x03b30b190e	15	0
5	0x01b30b190e	0x01b2ab190e	15	0
5	0x01b30b190e	0x01b30b190e	15	1
5	0x01b30b190e	0x01b30b190e	15	1
5	0x01b30b190e	0x01b30b190e	15	1
5	0x01b30b190e	0x01b30b190e	15	1
5	0x01b30b190e	0x01b30b190e	15	1
5	0x01b30b190e	0x01b30b190e	15	1
5	0x01b30b190e	0x21b30b190e	15	0
5	0x01b30b190e	0x01b30b190e	15	1
5	0x01b30b190e	0x01b30b190e	15	1
5	0x01b30b190e	0x01b30b1920	15	0
5	0x01b30b190e	0x01b30b190e	15	1
5	0x01b30b190e	0x01b30b190e	15	1
5	0x01b30b190e	0x01b30b190e	15	1
5	0x01b30b190e	0x01b30b190e	15	1
5	0x01b30b190e	0x01b30b190e	15	1
5	0x01b30b190e	0x01b30b190e	15	1
5	0x01b30b190e	0x01b30b190e	15	1
5	0x01b30b190e	0x01b30b190e	15	1
5	0x01b30b190e	0x01b30b1b4e	15	0
5	0x01b30b190e	0x01b30b190e	15	1
5	0x01b30b190e	0x01b30b190e	15	1
5	0x01b30b190e	0x01b30b190e	15	1
5	0x01b30b190e	0x01b30b190e	15	1
5	0x01b30b190e	0x01b30b190e	15	1
5	0x01b30b190e	0x01b30b190e	15	1
5	0x01b30b190e	0x01b30b590e	15	0
5	0x01b30b190e	0x01b30b190e	15	1
5	0x01b30b190e	0x01b30b190e	15	1
5	0x01b30b190e	0x01b30b190e	15	1
5	0x09b30b190e	0x09b30b190e	15	1
5	0x01b30b190e	0x01b30b190e	15	1
5	0x01b30b190e	0x01b30f990e	15	0
5	0x01b30b190e	0x01b30b190e	15	1
5	0x01b30b190e	0x01b30b190e	15	1
5	0x01b30b190e	0x01b30b1d0e	15	0
5	0x01b30b190e	0x01b30b190e	15	1
5	0x01b30b190e	0x01b30b190e	15	1
5	0x01b30b190e	0x01b30b190e	15	1
5	0x01b30b190e	0x01b30b190e	15	1
5	0x01b30b190e	0x01b30b190e	15	1
5	0x01b30b190e	0x01b30b198e	15	0
5	0x01b30b190e	0x01b30b190e	15	1
5	0x01b30b190e	0x01b30b190e	15	1
5	0x01b30b190e	0x01b30b190e	15	1
5	0x01b30b190e	0x01b30b190e	15	1
5	0x01b30b190e	0x01b30b1d0e	15	0
5	0x01b30b190e	0x01b30b190e	15	1
5	0x01b30b190e	0x01b30b190e	15	1
5	0x01b30b190e	0x01b30b190e	15	1
5	0x01b30b190e	0x02733b190e	15	0
5	0x01b30b190a	0x01b30b190a	11	1
5	0x01b30b190e	0x01b30b190e	15	1
5	0x01b30b190e	0x01b30b190e	15	1
5	0x01b30b190e	0x01b30b190e	15	1
5	0x01b30b190e	0x01b30b190e	15	1
5	0x01b30b190e	0x01b30b190e	15	1
5	0x01b30b190e	0x02730b190e	15	0
5	0x01b30b190e	0x01f31b190e	15	0
5	0x01b30b190e	0x01b30b190e	15	1
5	0x01b30b190e	0x01b30b190e	15	1
5	0x11b30b190e	0x11b30b191e	15	0
5	0x01b30b190e	0x01b30b190e	15	1
5	0x01b30b190e	0xe9b30b190e	15	0
5	0x01b30b190e	0x21b30b190e	15	0
5	0x01b30b190e	0x29b30b190e	15	0
5	0x01b30b190e	0x11b30b190e	15	0
5	0x01b30b190e	0x01b30b190e	15	1
5	0x01b30b190e	0x01b30b190e	15	1
5	0x01b30b190e	0x01b30b190e	15	1
7	0x01b30b190e	0x01b30b190e	15	1
7	0x01b30b190e	0x01b30b190e	15	1
7	0x01b30b190e	0x01b30b190e	15	1
7	0x01b30b190e	0x01b30b190e	15	1
7	0x01b30b190e	0x01b30b190e	15	1
7	0x01b30b190e	0x01b30b190e	15	1
7	0x01b30b190e	0x01b30b190e	15	1
7	0x01b30b190e	0x19b30b194e	15	0
7	0x01b30b190e	0x01b30b990e	15	0
7	0x01b30b190e	0x11b30b190e	15	0
7	0x01b30b190e	0x01b30b190e	15	1
7	0x01b30b190e	0x01f50b18ce	15	0
7	0x01b30b190e	0x01b30b190e	15	1
7	0x01b30b190e	0x01b30b190e	15	1
7	0x21b30b190e	0x21b30b1904	15	0
7	0x01b30b190e	0x01b30b190e	15	1
7	0x01b30b190e	0x01b30b390e	15	0
7	0x01b30b190e	0x01b30b190e	15	1
7	0x01b30b190e	0x01b30b190e	15	1
7	0x01b30b190e	0x01b30b190e	15	1
7	0x01b30b190e	0x01b20b190e	15	0
7	0x01b30b190e	0x01b30b190e	15	1
7	0x01b30b190e	0x01b30b190e	15	1
7	0x01b30b190e	0x01b30b190e	15	1
7	0x09b30b190e	0x09b30b190e	15	1
7	0x01b30b190e	0x01b30b180e	15	0
7	0x01b30b190e	0x01b30b190e	15	1
7	0x01b30b190e	0x01b30b190e	15	1
7	0x01b30b190e	0x01b30b190e	15	1
7	0x01b30b190e	0x01b30b190e	15	1
7	0x01b30b190e	0x01b51b190e	15	0
7	0x01b30b190e	0x01b30b190e	15	1
7	0x01b30b190e	0x09b30b190e	15	0
7	0x01b30b190e	0x01b30b190e	15	1
7	0x01b30b190a	0x01b30b190a	11	1
7	0x01b30b190e	0x01b30b190e	15	1
7	0x01b30b190e	0x01b30b190e	15	1
7	0x01b30b190e	0x01b30b190e	15	1
7	0x01b30b190e	0x01b30b190e	15	1
7	0x01b30b190e	0x01b30b1908	15	0
7	0x01b30b190e	0x01b30b190e	15	1
7	0x01b30b190e	0x01b30b190e	15	1
7	0x01b30b190e	0x01b30b190e	15	1
7	0x01b30b190e	0x01b30b190e	15	1
9	0x01b30b190e	0x01b30b190e	15	1
9	0x01b30b190e	0x01b30b18ce	15	0
9	0x01b30b190e	0x01b30b190e	15	1
9	0x01b30b190e	0x01b30b190e	15	1
9	0x01b30b190e	0x01b30b190e	15	1
9	0x11b30b190e	0x11b30b190e	15	1
9	0x01b30b190e	0x06b30b190e	15	0
9	0x01b30b190e	0x01b30b190e	15	1
9	0x01b30b190e	0x01b30b190e	15	1
9	0x01b30b190e	0x01b30b190e	15	1
9	0x01b30b190e	0x01b30b190e	15	1
9	0x01b30b190e	0x01b30b190e	15	1
9	0x01b30b190e	0x01b30b190e	15	1
9	0x01b30b190e	0x01b30b190e	15	1
9	0x01b30b190e	0x01b30b190e	15	1
9	0x01b30b190e	0x41b30b190e	15	0
9	0x01b30b190e	0x01b30b190e	15	1
11	0x01b30b190e	0x01b30b1912	9	0
11	0x01b30b190e	0x01b30b1912	9	0
11	0x01b30b190e	0x01b30b1912	9	0
11	0x01b30b190e	0x01b30b1912	9	0
11	0x01b30b190e	0x01b30b1912	9	0
11	0x01b30b190e	0x01b30b1912	9	0
11	0x01b30b190e	0x01b30b1912	9	0
11	0x01b30b190e	0x01b30b1912	9	0
11	0x01b30b190e	0x01b30b1912	9	0
11	0x01b30b190e	0x01b30b1912	9	0
11	0x01b30b190e	0x01b30b1912	9	0
13	0x01b30b190e	0x01b30b1912	9	0
13	0x01b30b190e	0x01b30b1912	9	0
13	0x01b30b190e	0x01b30b1912	9	0
15	0x01b30b190e	0x01b30b1913	9	0
15	0x01b30b190e	0x01b30b1912	9	0
17	0x01b30b190e	0x01b30b3912	9	0
38	0x39ce739ce7	0x39ce739ce7	19	1
107	0x39ce739ce7	0x39ce739ce7	8	1
107	0x39ce739ce7	0x39ce739ce7	8	1
112	0x39ce739ce7	0x39ce739ce7	8	1
113	0x39ce739ce7	0x39ce739ce7	17	1
119	0x39ce739ce7	0x39ce739ce7	17	1
121	0x39ce739ce7	0x39ce739ee7	8	0
133	0x39ce739ce7	0x39ce739ce7	8	1
211	0x39ce739ce7	0x39ce739ce7	13	1
258	0x39ce739ce7	0x39ce739ce7	9	1
300	0x318c6318c6	0x318c6318c6	8	1
358	0x39ce739ce7	0x39ce739ce7	8	1
517	0x39ce739ce7	0x39ce739ce7	8	1
519	0x39ce739ce7	0x39ce739ce7	17	1
524	0x39ce739ce7	0x39ce739ce7	8	1
739	0x39ce739ce7	0x39ce739ce7	8	1
899	0x39ce739ce7	0x39ce739ce7	8	1
931	0x39ce739ce7	0x39ce739ce7	8	1
935	0x39ce739ce7	0x39ce739ce7	17	1
949	0x39ce739ce7	0x39ce739ce7	8	1
956	0x39ce739ce7	0x39ce739ce7	19	1
958	0x39ce739ce7	0x39ce739ce7	8	1
959	0x39ce739ce7	0x39ce739ce7	16	1
1368	0x39ce739ce7	0x39ce739ce7	23	1
1604	0x39ce739ce7	0x39ce739cf7	8	0
2825	0x39ce739ce7	0x39ce739ce7	17	1
8985	0x39ce739ce7	0x39ce739ce7	8	1
