tick,alive,distinct_genomes,mean_energy,mean_steps,halting_fraction,births,deaths
0,13141,13141,64.00,256.0,0.0000,0,0
1000,8824,7900,173.92,256.0,0.0000,113191,117508
2000,10767,9326,154.82,256.0,0.0000,147969,146026
3000,15844,13394,148.48,256.0,0.0000,233267,228190
4000,23070,19208,144.86,256.0,0.0000,356574,349348
5000,33923,27760,139.38,256.0,0.0000,533881,523028
6000,48211,39136,138.78,256.0,0.0000,805372,791084
7000,62626,50434,137.13,256.0,0.0000,1092543,1078128
8000,76685,61640,137.62,256.0,0.0000,1392527,1378468
9000,91926,73636,137.32,256.0,0.0000,1674759,1659518
10000,104201,83424,137.82,256.0,0.0000,1937543,1925268
11000,115310,91731,137.42,256.0,0.0000,2177770,2166661
12000,124835,98839,137.95,256.0,0.0000,2379027,2369502
13000,133361,104338,137.05,256.0,0.0000,2557903,2549377
14000,139556,108785,137.27,256.0,0.0000,2723674,2717479
15000,142734,110769,137.33,256.0,0.0000,2819083,2815905
16000,147392,113869,137.35,256.0,0.0000,2910925,2906267
17000,150516,115605,137.39,256.0,0.0000,3006616,3003492
18000,154490,118159,137.60,256.0,0.0000,3102721,3098747
19000,159891,121000,137.11,256.0,0.0000,3196866,3191465
20000,166451,125502,136.59,256.0,0.0000,3371918,3365358
21000,170601,128401,136.66,256.0,0.0000,3494557,3490407
22000,175755,131299,136.85,256.0,0.0000,3595387,3590233
23000,179160,133515,137.52,256.0,0.0000,3693520,3690115
24000,183559,135951,138.25,256.0,0.0000,3787812,3783413
25000,188193,139004,138.20,256.0,0.0000,3845993,3841359
26000,190604,140361,139.58,256.0,0.0000,3905121,3902710
27000,193317,141451,141.17,256.0,0.0000,3943729,3941016
28000,196173,143039,141.87,256.0,0.0000,3940624,3937768
29000,198931,144248,143.60,256.0,0.0000,3966807,3964049
30000,200895,146107,144.04,256.0,0.0000,3997501,3995537
31000,201897,146625,145.84,256.0,0.0000,3973870,3972868
32000,203926,147788,146.79,256.0,0.0000,3955986,3953957
33000,205054,148729,148.18,256.0,0.0000,3932552,3931424
34000,209160,150592,149.62,256.0,0.0000,3925459,3921353
35000,211054,151436,151.28,256.0,0.0000,3932244,3930350
36000,212978,151813,153.32,256.0,0.0000,3899365,3897441
37000,216805,154108,154.78,256.0,0.0000,3883056,3879229
38000,217516,154282,157.74,256.0,0.0000,3858416,3857705
39000,220254,154727,159.18,256.0,0.0000,3815850,3813112
40000,224032,156517,160.64,256.0,0.0000,3781761,3777983
41000,226379,157238,162.20,256.0,0.0000,3786817,3784470
42000,227868,157989,164.15,256.0,0.0000,3724083,3722594
43000,229413,158013,165.72,256.0,0.0000,3667808,3666263
44000,230756,158536,167.12,256.0,0.0000,3623941,3622598
45000,231663,158830,168.62,256.0,0.0000,3585846,3584939
46000,233442,158910,169.45,256.0,0.0000,3543972,3542193
47000,234532,159491,170.86,256.0,0.0000,3500465,3499375
48000,236425,160168,172.07,256.0,0.0000,3490028,3488135
49000,237529,159685,172.93,256.0,0.0000,3443529,3442425
50000,238927,159856,173.55,256.0,0.0000,3432881,3431483
51000,240882,160782,175.22,256.0,0.0000,3394837,3392882
52000,241128,160536,176.25,256.0,0.0000,3383145,3382899
53000,242165,160616,177.27,256.0,0.0000,3331868,3330831
54000,243477,161150,177.81,256.0,0.0000,3320942,3319630
55000,244273,161580,178.34,256.0,0.0000,3302361,3301565
56000,244830,161891,178.41,256.0,0.0000,3306075,3305518
57000,245423,162173,178.83,256.0,0.0000,3289474,3288881
58000,245891,161863,180.03,256.0,0.0000,3245521,3245053
59000,246301,161966,180.39,256.0,0.0000,3220160,3219750
60000,246698,161874,180.84,256.0,0.0000,3217514,3217117
61000,246742,161755,181.53,256.0,0.0000,3196360,3196316
62000,247271,161700,181.64,256.0,0.0000,3178547,3178018
63000,247586,162405,181.43,256.0,0.0000,3192240,3191925
64000,247783,161836,181.73,256.0,0.0000,3180733,3180536
65000,248067,162098,181.96,256.0,0.0000,3160998,3160714
66000,248187,162724,182.60,256.0,0.0000,3168515,3168395
67000,248475,162840,182.44,256.0,0.0000,3152922,3152634
68000,248267,162586,182.80,256.0,0.0000,3139898,3140106
69000,248182,162575,182.05,256.0,0.0000,3143989,3144074
70000,247982,162437,182.19,256.0,0.0000,3139729,3139929
71000,247942,162584,182.74,256.0,0.0000,3135117,3135157
72000,247838,162183,183.09,256.0,0.0000,3114984,3115088
73000,248000,162035,183.52,256.0,0.0000,3108128,3107966
74000,247440,162862,182.50,256.0,0.0000,3097711,3098271
75000,247537,162680,182.79,256.0,0.0000,3107104,3107007
76000,247242,162622,183.22,256.0,0.0000,3084702,3084997
77000,247290,162565,183.48,256.0,0.0000,3087322,3087274
78000,246781,162322,184.13,256.0,0.0000,3059762,3060271
79000,246781,162275,183.79,256.0,0.0000,3054266,3054266
80000,246887,162440,183.75,256.0,0.0000,3060175,3060069
81000,246556,162803,183.39,256.0,0.0000,3069130,3069461
82000,245882,162411,183.70,256.0,0.0000,3055729,3056403
83000,246430,163008,183.77,256.0,0.0000,3058226,3057678
84000,246066,162716,183.87,256.0,0.0000,3047491,3047855
85000,245739,162311,184.15,256.0,0.0000,3030308,3030635
86000,245253,162389,184.75,256.0,0.0000,2992838,2993324
87000,245544,162580,183.79,256.0,0.0000,3010051,3009760
88000,245609,162724,184.72,256.0,0.0000,3012121,3012056
89000,245730,162395,184.07,256.0,0.0000,3023137,3023016
90000,246439,163204,184.99,256.0,0.0000,3020586,3019877
91000,246559,163343,183.45,256.0,0.0000,3007886,3007766
92000,246506,162966,184.29,256.0,0.0000,3034684,3034737
93000,247480,163529,184.12,256.0,0.0000,3039448,3038474
94000,247940,164063,184.46,256.0,0.0000,3026959,3026499
95000,248360,164162,184.85,256.0,0.0000,3029933,3029513
96000,249053,164149,185.76,256.0,0.0000,3018017,3017324
97000,249247,164143,185.33,256.0,0.0000,3006543,3006349
98000,249221,164457,185.30,256.0,0.0000,3002381,3002407
99000,249610,164584,185.99,256.0,0.0000,2992888,2992499
100000,249267,164472,186.03,256.0,0.0000,2992443,2992786
101000,248958,164512,185.99,256.0,0.0000,2980588,2980897
102000,247908,164166,185.23,256.0,0.0000,2977071,2978121
103000,247717,163881,185.44,256.0,0.0000,2974425,2974616
104000,247182,163525,185.45,256.0,0.0000,2969509,2970044
105000,247349,163635,185.05,256.0,0.0000,2973355,2973188
106000,246542,163203,185.92,256.0,0.0000,2962142,2962949
107000,246367,163229,185.75,256.0,0.0000,2969170,2969345
108000,245832,162750,185.81,256.0,0.0000,2963984,2964519
109000,245610,162721,185.61,256.0,0.0000,2958746,2958968
110000,245491,162928,185.60,256.0,0.0000,2946626,2946745
111000,245786,163072,185.42,256.0,0.0000,2950617,2950322
112000,245936,162903,185.53,256.0,0.0000,2939587,2939437
113000,246522,162733,186.81,256.0,0.0000,2938958,2938372
114000,246408,163199,185.97,256.0,0.0000,2938598,2938712
115000,246305,162235,186.35,256.0,0.0000,2929972,2930075
116000,246460,162794,186.31,256.0,0.0000,2924943,2924788
117000,246963,162839,186.10,256.0,0.0000,2922998,2922495
118000,247225,162665,186.26,256.0,0.0000,2936912,2936650
119000,247412,162993,186.65,256.0,0.0000,2923508,2923321
120000,247466,162697,186.14,256.0,0.0000,2930215,2930161
121000,247740,163155,186.67,256.0,0.0000,2928595,2928321
122000,247957,163028,186.42,256.0,0.0000,2928878,2928661
123000,248275,163538,186.61,256.0,0.0000,2917359,2917041
124000,248367,163200,187.20,256.0,0.0000,2923531,2923439
125000,247491,162560,186.71,256.0,0.0000,2908132,2909008
126000,247550,163013,186.60,256.0,0.0000,2905462,2905403
127000,247453,162503,187.13,256.0,0.0000,2929307,2929404
128000,247126,161914,187.24,256.0,0.0000,2906206,2906533
129000,247290,162281,186.25,256.0,0.0000,2916207,2916043
130000,247322,162225,186.43,256.0,0.0000,2907687,2907655
131000,247117,161899,186.57,256.0,0.0000,2915395,2915600
132000,247519,161819,187.02,256.0,0.0000,2919002,2918600
133000,247394,161890,187.15,256.0,0.0000,2898579,2898704
134000,247269,161867,186.78,256.0,0.0000,2891495,2891620
135000,247739,162070,187.30,256.0,0.0000,2876077,2875607
136000,247930,162098,186.96,256.0,0.0000,2883025,2882834
137000,247487,162029,187.33,256.0,0.0000,2893058,2893501
138000,248027,162314,187.18,256.0,0.0000,2901462,2900922
139000,248488,162617,187.01,256.0,0.0000,2891302,2890841
140000,248627,162652,187.72,256.0,0.0000,2899908,2899769
141000,248778,162168,187.22,256.0,0.0000,2888631,2888480
142000,248967,162402,188.14,256.0,0.0000,2890435,2890246
143000,249189,162002,187.71,256.0,0.0000,2878711,2878489
144000,248957,162054,187.58,256.0,0.0000,2884817,2885049
145000,248205,161613,187.98,256.0,0.0000,2881347,2882099
146000,248229,162151,187.68,256.0,0.0000,2880889,2880865
147000,248394,161886,187.29,256.0,0.0000,2879256,2879091
148000,248254,161366,187.89,256.0,0.0000,2873257,2873397
149000,247685,161095,188.14,256.0,0.0000,2865510,2866079
150000,247461,160959,188.73,256.0,0.0000,2837752,2837976
151000,247727,160999,188.21,256.0,0.0000,2840531,2840265
152000,247734,160995,188.16,256.0,0.0000,2856192,2856185
153000,248112,161043,188.34,256.0,0.0000,2867253,2866875
154000,248096,161457,187.70,256.0,0.0000,2869548,2869564
155000,247621,160821,187.85,256.0,0.0000,2867753,2868228
156000,248250,161569,188.15,256.0,0.0000,2861497,2860868
157000,248447,161294,187.95,256.0,0.0000,2869034,2868837
158000,248303,161511,187.98,256.0,0.0000,2872911,2873055
159000,247758,160634,188.06,256.0,0.0000,2851129,2851674
160000,248361,161179,187.83,256.0,0.0000,2854891,2854288
161000,248285,161185,187.96,256.0,0.0000,2859291,2859367
162000,248655,161547,187.64,256.0,0.0000,2871083,2870713
163000,248353,161574,187.13,256.0,0.0000,2873719,2874021
164000,247906,161221,187.46,256.0,0.0000,2864537,2864984
165000,247827,160660,188.17,256.0,0.0000,2866850,2866929
166000,248205,160776,187.93,256.0,0.0000,2850129,2849751
167000,248510,160610,188.25,256.0,0.0000,2857867,2857562
168000,248574,161445,188.10,256.0,0.0000,2851255,2851191
169000,249136,160782,188.55,256.0,0.0000,2864409,2863847
170000,248961,161519,186.89,256.0,0.0000,2875299,2875474
171000,248960,160765,187.27,256.0,0.0000,2881530,2881531
172000,248798,161359,187.96,256.0,0.0000,2871408,2871570
173000,248932,161235,188.53,256.0,0.0000,2855089,2854955
174000,248942,161193,188.29,256.0,0.0000,2857852,2857842
175000,249142,160910,188.27,256.0,0.0000,2857034,2856834
176000,249566,161250,188.44,256.0,0.0000,2851199,2850775
177000,249752,161534,187.79,256.0,0.0000,2875785,2875599
178000,249578,161450,188.17,256.0,0.0000,2875377,2875551
179000,249599,161677,188.60,256.0,0.0000,2865534,2865513
180000,249677,161428,187.71,256.0,0.0000,2877491,2877413
181000,249715,161039,187.87,256.0,0.0000,2880562,2880524
182000,249554,160854,187.75,256.0,0.0000,2877058,2877219
183000,249308,160862,188.18,256.0,0.0000,2861434,2861680
184000,249846,160994,187.94,256.0,0.0000,2863093,2862555
185000,249223,160942,188.16,256.0,0.0000,2884277,2884900
186000,249657,161378,188.29,256.0,0.0000,2865142,2864708
187000,249930,161202,188.45,256.0,0.0000,2870489,2870216
188000,249799,161095,188.59,256.0,0.0000,2875444,2875575
189000,250374,160907,188.37,256.0,0.0000,2859351,2858776
190000,250904,161040,189.02,256.0,0.0000,2841757,2841227
191000,250589,161131,188.89,256.0,0.0000,2852458,2852773
192000,250713,161197,188.80,256.0,0.0000,2833570,2833446
193000,250510,161007,188.74,256.0,0.0000,2843017,2843220
194000,250733,161385,188.80,256.0,0.0000,2853524,2853301
195000,250820,161373,188.72,256.0,0.0000,2856714,2856627
196000,250925,161307,188.32,256.0,0.0000,2877435,2877330
197000,251129,161141,188.25,256.0,0.0000,2857662,2857458
198000,251181,161002,189.35,256.0,0.0000,2860314,2860262
199000,251215,161320,188.68,256.0,0.0000,2868777,2868743
200000,251451,161012,188.56,256.0,0.0000,2873249,2873013
201000,251213,161050,188.87,256.0,0.0000,2852022,2852260
202000,251223,160860,189.07,256.0,0.0000,2858451,2858441
203000,250680,160885,188.57,256.0,0.0000,2855851,2856394
204000,250458,160947,188.12,256.0,0.0000,2869275,2869497
205000,250292,160889,188.00,256.0,0.0000,2872322,2872488
206000,249874,160892,187.89,256.0,0.0000,2874423,2874841
207000,250208,160608,188.03,256.0,0.0000,2871074,2870740
208000,250408,160895,188.36,256.0,0.0000,2856442,2856242
209000,250631,160625,188.64,256.0,0.0000,2866482,2866259
210000,250639,160563,188.74,256.0,0.0000,2855996,2855988
211000,250852,161199,187.74,256.0,0.0000,2870972,2870759
212000,250589,160402,189.40,256.0,0.0000,2858852,2859115
213000,250655,160514,188.55,256.0,0.0000,2861670,2861604
214000,250503,160316,188.20,256.0,0.0000,2879886,2880038
215000,250863,160808,188.87,256.0,0.0000,2870645,2870285
216000,250939,160879,188.49,256.0,0.0000,2865298,2865222
217000,250983,161491,188.14,256.0,0.0000,2858133,2858089
218000,251340,161053,188.16,256.0,0.0000,2881884,2881527
219000,251598,161402,188.64,256.0,0.0000,2870232,2869974
220000,251516,160921,188.92,256.0,0.0000,2863708,2863790
221000,251900,161002,188.80,256.0,0.0000,2864569,2864185
222000,251894,161510,189.32,256.0,0.0000,2862439,2862445
223000,252150,160849,188.48,256.0,0.0000,2877220,2876964
224000,252094,161068,188.88,256.0,0.0000,2879005,2879061
225000,252546,161388,188.29,256.0,0.0000,2879673,2879221
226000,252825,161306,188.57,256.0,0.0000,2884176,2883897
227000,253100,161125,188.44,256.0,0.0000,2896423,2896148
228000,252851,161742,188.56,256.0,0.0000,2883034,2883283
229000,252752,161744,188.59,256.0,0.0000,2896781,2896880
230000,253176,161338,188.91,256.0,0.0000,2875741,2875317
231000,253167,161848,189.08,256.0,0.0000,2881361,2881370
232000,253089,161551,188.57,256.0,0.0000,2884249,2884327
233000,253268,161034,188.88,256.0,0.0000,2877802,2877623
234000,253263,160996,188.84,256.0,0.0000,2868128,2868133
235000,253177,161584,188.73,256.0,0.0000,2877326,2877412
236000,253293,161628,188.66,256.0,0.0000,2888513,2888397
237000,253124,161460,188.85,256.0,0.0000,2886359,2886528
238000,252816,161464,188.75,256.0,0.0000,2882062,2882370
239000,252791,161445,188.61,256.0,0.0000,2881553,2881578
240000,252700,161348,189.42,256.0,0.0000,2864991,2865082
241000,252392,161255,188.84,256.0,0.0000,2861861,2862169
242000,252291,160861,189.17,256.0,0.0000,2870913,2871014
243000,251813,161277,188.55,256.0,0.0000,2875352,2875830
244000,250969,160543,188.37,256.0,0.0000,2872571,2873415
245000,250535,160457,188.91,256.0,0.0000,2875717,2876151
246000,250361,160066,188.60,256.0,0.0000,2878114,2878288
247000,250436,160104,188.50,256.0,0.0000,2872400,2872325
248000,250344,160728,188.08,256.0,0.0000,2870000,2870092
249000,250064,160716,188.42,256.0,0.0000,2863643,2863923
250000,249732,160291,188.20,256.0,0.0000,2879796,2880128
251000,249903,160231,188.27,256.0,0.0000,2865776,2865605
252000,249597,159849,188.58,256.0,0.0000,2867310,2867616
253000,249082,160124,187.71,256.0,0.0000,2869314,2869829
254000,248506,159431,188.03,256.0,0.0000,2883119,2883695
255000,248261,159371,187.94,256.0,0.0000,2877121,2877366
256000,247772,158996,187.89,256.0,0.0000,2855567,2856056
257000,247949,159116,187.88,256.0,0.0000,2867564,2867387
258000,248447,158915,188.51,256.0,0.0000,2857719,2857221
259000,248579,158865,188.48,256.0,0.0000,2856883,2856751
260000,248593,159263,188.40,256.0,0.0000,2865639,2865625
261000,249293,159044,188.00,256.0,0.0000,2859225,2858525
262000,249065,158959,188.35,256.0,0.0000,2851666,2851894
263000,249195,159121,187.87,256.0,0.0000,2860755,2860625
264000,248925,158826,188.43,256.0,0.0000,2858487,2858757
265000,248725,158616,188.15,256.0,0.0000,2865059,2865259
266000,249121,158709,187.76,256.0,0.0000,2852253,2851857
267000,248740,158787,187.82,256.0,0.0000,2876973,2877354
268000,248840,158692,188.11,256.0,0.0000,2863612,2863512
269000,249139,158187,188.42,256.0,0.0000,2868027,2867728
270000,249872,158492,188.42,256.0,0.0000,2861944,2861211
271000,250037,159346,188.27,256.0,0.0000,2872923,2872758
272000,250170,159039,188.04,256.0,0.0000,2876491,2876358
273000,250448,159565,188.39,256.0,0.0000,2871742,2871464
274000,250427,159166,188.42,256.0,0.0000,2854381,2854402
275000,250735,160148,188.35,256.0,0.0000,2864685,2864377
276000,250868,159639,188.64,256.0,0.0000,2865589,2865456
277000,250728,159602,188.46,256.0,0.0000,2854731,2854871
278000,250702,159244,188.60,256.0,0.0000,2863876,2863902
279000,250551,159433,189.09,256.0,0.0000,2861373,2861524
280000,250758,159069,189.06,256.0,0.0000,2858173,2857966
281000,250483,159420,187.38,256.0,0.0000,2871764,2872039
282000,250245,159476,188.21,256.0,0.0000,2870699,2870937
283000,250700,159350,189.07,256.0,0.0000,2864427,2863972
284000,250876,159611,188.26,256.0,0.0000,2882857,2882681
285000,251098,159717,188.07,256.0,0.0000,2879793,2879571
286000,251093,159772,188.01,256.0,0.0000,2893933,2893938
287000,250720,159856,188.03,256.0,0.0000,2878111,2878484
288000,251243,160160,187.84,256.0,0.0000,2889590,2889067
289000,251713,159593,188.03,256.0,0.0000,2911586,2911116
290000,252663,159903,188.71,256.0,0.0000,2892121,2891171
291000,252672,160193,188.29,256.0,0.0000,2897960,2897951
292000,252839,160396,188.45,256.0,0.0000,2896671,2896504
293000,253386,160310,188.41,256.0,0.0000,2902034,2901487
294000,253144,160747,188.18,256.0,0.0000,2907725,2907967
295000,253841,160741,188.85,256.0,0.0000,2899910,2899213
296000,253923,160499,189.19,256.0,0.0000,2891460,2891378
297000,253884,160983,188.63,256.0,0.0000,2897016,2897055
298000,253877,160359,188.55,256.0,0.0000,2889102,2889109
299000,253474,160417,189.25,256.0,0.0000,2878321,2878724
300000,252645,159835,187.87,256.0,0.0000,2873794,2874623
301000,252509,159495,188.89,256.0,0.0000,2886214,2886350
302000,252432,160158,188.32,256.0,0.0000,2896914,2896991
303000,252417,160133,188.10,256.0,0.0000,2899168,2899183
304000,251852,160058,189.09,256.0,0.0000,2881016,2881581
305000,251482,159494,188.07,256.0,0.0000,2886563,2886933
306000,251359,159174,188.36,256.0,0.0000,2893290,2893413
307000,251240,159284,188.30,256.0,0.0000,2878601,2878720
308000,251296,159375,188.29,256.0,0.0000,2884531,2884475
309000,250964,159514,188.65,256.0,0.0000,2880186,2880518
310000,251107,159301,188.29,256.0,0.0000,2876543,2876400
311000,250660,159229,188.54,256.0,0.0000,2878565,2879012
312000,250713,159519,188.38,256.0,0.0000,2883478,2883425
313000,250738,159731,188.09,256.0,0.0000,2884419,2884394
314000,250679,159174,188.05,256.0,0.0000,2887232,2887291
315000,250081,159109,187.55,256.0,0.0000,2876079,2876677
316000,250267,159284,188.14,256.0,0.0000,2882252,2882066
317000,250108,159455,187.96,256.0,0.0000,2890385,2890544
318000,250464,159527,188.11,256.0,0.0000,2898325,2897969
319000,250070,159160,187.41,256.0,0.0000,2905518,2905912
320000,250156,158672,188.20,256.0,0.0000,2905887,2905801
321000,250378,159530,187.67,256.0,0.0000,2907994,2907772
322000,250553,159217,188.40,256.0,0.0000,2898041,2897866
323000,250203,158723,187.84,256.0,0.0000,2893070,2893420
324000,249800,159081,187.22,256.0,0.0000,2909001,2909404
325000,249883,158570,187.82,256.0,0.0000,2898719,2898636
326000,250481,158914,188.33,256.0,0.0000,2889885,2889287
327000,250432,158671,188.23,256.0,0.0000,2890223,2890272
328000,251194,159090,188.04,256.0,0.0000,2890003,2889241
329000,251369,159220,188.11,256.0,0.0000,2887872,2887697
330000,251329,159003,187.47,256.0,0.0000,2903620,2903660
331000,251422,159136,187.83,256.0,0.0000,2905484,2905391
332000,251969,159066,188.20,256.0,0.0000,2909253,2908706
333000,251742,159001,187.97,256.0,0.0000,2904640,2904867
334000,252098,159162,188.42,256.0,0.0000,2904664,2904308
335000,252064,158803,188.47,256.0,0.0000,2893024,2893058
336000,252155,158524,188.48,256.0,0.0000,2900241,2900150
337000,252109,158413,188.05,256.0,0.0000,2907707,2907753
338000,251990,158985,188.18,256.0,0.0000,2895519,2895638
339000,251998,158660,188.25,256.0,0.0000,2897452,2897444
340000,251734,158721,187.94,256.0,0.0000,2910596,2910860
341000,251983,158878,188.22,256.0,0.0000,2901446,2901197
342000,252181,158683,188.19,256.0,0.0000,2904933,2904735
343000,251831,159062,188.52,256.0,0.0000,2899042,2899392
344000,252191,159036,188.49,256.0,0.0000,2903228,2902868
345000,251993,159048,188.69,256.0,0.0000,2891827,2892025
346000,252006,159218,188.34,256.0,0.0000,2877133,2877120
347000,251977,159069,188.13,256.0,0.0000,2874815,2874844
348000,251693,158557,188.20,256.0,0.0000,2889008,2889292
349000,251911,158734,188.61,256.0,0.0000,2893658,2893440
350000,251961,158532,188.41,256.0,0.0000,2887160,2887110
351000,251739,158564,188.00,256.0,0.0000,2898501,2898723
352000,251764,158476,187.82,256.0,0.0000,2908893,2908868
353000,251975,158276,187.94,256.0,0.0000,2906568,2906357
354000,252041,158511,188.27,256.0,0.0000,2910469,2910403
355000,251883,157912,188.95,256.0,0.0000,2861231,2861389
356000,252180,158328,188.78,256.0,0.0000,2890230,2889933
357000,251754,158291,188.08,256.0,0.0000,2892595,2893021
358000,251647,157959,188.24,256.0,0.0000,2887705,2887812
359000,251292,157978,188.18,256.0,0.0000,2875363,2875718
360000,250875,157362,188.69,256.0,0.0000,2886577,2886994
361000,250773,157645,188.09,256.0,0.0000,2881269,2881371
362000,250290,157384,187.34,256.0,0.0000,2893508,2893991
363000,250300,157081,188.46,256.0,0.0000,2884089,2884079
364000,250216,157187,188.35,256.0,0.0000,2874346,2874430
365000,250122,157087,188.04,256.0,0.0000,2884518,2884612
366000,249977,157495,187.92,256.0,0.0000,2894175,2894320
367000,250273,157282,188.65,256.0,0.0000,2889380,2889084
368000,250226,157431,187.41,256.0,0.0000,2909189,2909236
369000,250262,157000,188.21,256.0,0.0000,2886084,2886048
370000,249996,157744,187.72,256.0,0.0000,2896786,2897052
371000,250172,157368,187.60,256.0,0.0000,2906845,2906669
372000,250458,157114,187.88,256.0,0.0000,2903343,2903057
373000,251060,157586,188.13,256.0,0.0000,2904424,2903822
374000,251058,157929,187.39,256.0,0.0000,2911651,2911653
375000,251009,157439,187.97,256.0,0.0000,2915269,2915318
376000,251686,158486,186.90,256.0,0.0000,2908733,2908056
377000,251456,157786,187.53,256.0,0.0000,2929169,2929399
378000,251628,157918,188.73,256.0,0.0000,2899007,2898835
379000,251526,158121,187.92,256.0,0.0000,2911187,2911289
380000,251611,158134,187.92,256.0,0.0000,2919573,2919488
381000,251807,157423,188.26,256.0,0.0000,2913453,2913257
382000,251837,157815,188.21,256.0,0.0000,2903962,2903932
383000,251828,157784,187.72,256.0,0.0000,2921225,2921234
384000,252336,157462,188.05,256.0,0.0000,2908250,2907742
385000,252208,157440,188.91,256.0,0.0000,2901206,2901334
386000,252370,157667,188.06,256.0,0.0000,2918746,2918584
387000,252274,157670,188.76,256.0,0.0000,2906437,2906533
388000,252117,157350,188.05,256.0,0.0000,2897159,2897316
389000,251884,157356,188.58,256.0,0.0000,2913407,2913640
390000,251616,157375,187.98,256.0,0.0000,2911685,2911953
391000,251142,157506,187.54,256.0,0.0000,2916292,2916766
392000,251093,157241,188.01,256.0,0.0000,2921100,2921149
393000,250844,157379,187.13,256.0,0.0000,2923217,2923466
394000,250686,156802,187.59,256.0,0.0000,2923504,2923662
395000,250631,156258,187.09,256.0,0.0000,2915310,2915365
396000,250870,156186,187.50,256.0,0.0000,2930528,2930289
397000,251401,156682,187.87,256.0,0.0000,2923569,2923038
398000,252260,157012,188.32,256.0,0.0000,2916881,2916022
399000,252231,157099,188.02,256.0,0.0000,2911135,2911164
400000,252303,157785,187.75,256.0,0.0000,2926203,2926131
401000,252816,157140,188.12,256.0,0.0000,2928196,2927683
402000,253256,157360,187.91,256.0,0.0000,2928805,2928365
403000,252963,157659,188.14,256.0,0.0000,2926867,2927160
404000,252745,157662,187.88,256.0,0.0000,2933169,2933387
405000,252694,157012,188.09,256.0,0.0000,2927583,2927634
406000,252570,156844,187.81,256.0,0.0000,2926359,2926483
407000,252201,156673,188.20,256.0,0.0000,2915154,2915523
408000,252179,156834,187.83,256.0,0.0000,2927141,2927163
409000,251791,156812,188.18,256.0,0.0000,2925339,2925727
410000,251843,157041,187.58,256.0,0.0000,2925206,2925154
411000,252058,156965,187.72,256.0,0.0000,2919158,2918943
412000,252029,156703,187.61,256.0,0.0000,2937882,2937911
413000,252337,156755,187.90,256.0,0.0000,2921367,2921059
414000,252005,156558,187.97,256.0,0.0000,2915611,2915943
415000,251845,156258,188.39,256.0,0.0000,2912402,2912562
416000,251831,156525,188.39,256.0,0.0000,2903659,2903673
417000,251698,156774,187.36,256.0,0.0000,2923557,2923690
418000,251494,156467,187.39,256.0,0.0000,2930595,2930799
419000,251999,156708,188.07,256.0,0.0000,2932473,2931968
420000,252288,157141,188.02,256.0,0.0000,2929804,2929515
421000,252052,156884,187.80,256.0,0.0000,2920517,2920753
422000,251903,156914,187.75,256.0,0.0000,2938146,2938295
423000,251918,156946,187.67,256.0,0.0000,2927166,2927151
424000,251595,156598,187.75,256.0,0.0000,2941343,2941666
425000,251414,156525,187.31,256.0,0.0000,2932332,2932513
426000,251141,156283,187.35,256.0,0.0000,2933716,2933989
427000,251503,156310,187.46,256.0,0.0000,2922112,2921750
428000,251492,156391,188.34,256.0,0.0000,2923419,2923430
429000,251177,155896,187.87,256.0,0.0000,2914096,2914411
430000,251316,156364,187.93,256.0,0.0000,2910127,2909988
431000,251271,156085,188.43,256.0,0.0000,2889825,2889870
432000,250989,156169,187.62,256.0,0.0000,2907297,2907579
433000,250679,155553,187.43,256.0,0.0000,2934282,2934592
434000,250414,156169,187.55,256.0,0.0000,2927767,2928032
435000,250002,155755,187.00,256.0,0.0000,2941511,2941923
436000,249849,155766,187.58,256.0,0.0000,2928608,2928761
437000,249906,155715,187.21,256.0,0.0000,2926337,2926280
438000,250035,155551,187.26,256.0,0.0000,2948624,2948495
439000,250344,155965,187.39,256.0,0.0000,2926016,2925707
440000,250199,155469,187.03,256.0,0.0000,2941575,2941720
441000,250451,155603,187.42,256.0,0.0000,2930456,2930204
442000,250210,155341,187.49,256.0,0.0000,2929609,2929850
443000,249783,155088,187.09,256.0,0.0000,2930586,2931013
444000,249318,155139,187.10,256.0,0.0000,2935115,2935580
445000,249218,155606,187.33,256.0,0.0000,2923948,2924048
446000,249587,154856,186.95,256.0,0.0000,2922519,2922150
447000,250291,155531,187.88,256.0,0.0000,2920307,2919603
448000,250174,155535,187.27,256.0,0.0000,2921421,2921538
449000,250192,155147,187.30,256.0,0.0000,2937962,2937944
450000,250425,154943,188.07,256.0,0.0000,2937491,2937258
451000,250428,154864,187.73,256.0,0.0000,2921110,2921107
452000,250921,154991,187.22,256.0,0.0000,2928638,2928145
453000,251111,155263,187.07,256.0,0.0000,2945788,2945598
454000,251071,155257,186.59,256.0,0.0000,2959728,2959768
455000,251451,155306,188.07,256.0,0.0000,2938435,2938055
456000,251224,155474,187.19,256.0,0.0000,2938958,2939185
457000,251790,155331,188.16,256.0,0.0000,2940216,2939650
458000,251301,155349,187.07,256.0,0.0000,2947491,2947980
459000,251430,155109,187.41,256.0,0.0000,2944369,2944240
460000,251167,155804,187.44,256.0,0.0000,2936150,2936413
461000,251325,155313,187.63,256.0,0.0000,2944579,2944421
462000,251231,154660,187.67,256.0,0.0000,2930571,2930665
463000,251424,154588,187.52,256.0,0.0000,2924956,2924763
464000,251444,155122,187.92,256.0,0.0000,2931698,2931678
465000,250970,154629,187.75,256.0,0.0000,2919909,2920383
466000,250779,154969,187.50,256.0,0.0000,2921508,2921699
467000,250415,154788,187.95,256.0,0.0000,2930005,2930369
468000,250857,154711,188.10,256.0,0.0000,2923522,2923080
469000,250743,154457,187.90,256.0,0.0000,2929872,2929986
470000,250583,154586,187.53,256.0,0.0000,2926064,2926224
471000,250811,154518,187.18,256.0,0.0000,2934521,2934293
472000,251039,154610,187.67,256.0,0.0000,2944698,2944470
473000,250944,154703,187.31,256.0,0.0000,2935709,2935804
474000,251332,155367,187.38,256.0,0.0000,2937017,2936629
475000,251162,155100,187.54,256.0,0.0000,2948669,2948839
476000,251056,155036,187.69,256.0,0.0000,2927995,2928101
477000,250639,154806,187.94,256.0,0.0000,2935231,2935648
478000,250592,154133,187.52,256.0,0.0000,2928856,2928903
479000,250330,154492,187.75,256.0,0.0000,2925337,2925599
480000,250256,154242,186.61,256.0,0.0000,2926898,2926972
481000,249601,153949,187.62,256.0,0.0000,2922897,2923552
482000,249704,153669,187.56,256.0,0.0000,2928675,2928572
483000,249740,153833,187.58,256.0,0.0000,2930309,2930273
484000,249726,153328,187.26,256.0,0.0000,2938453,2938467
485000,249983,153708,186.52,256.0,0.0000,2936218,2935961
486000,250038,153932,187.32,256.0,0.0000,2941896,2941841
487000,250138,153770,187.13,256.0,0.0000,2917400,2917300
488000,250422,153835,187.67,256.0,0.0000,2928256,2927972
489000,250430,154027,187.83,256.0,0.0000,2923622,2923614
490000,250893,154233,187.59,256.0,0.0000,2919319,2918856
491000,251396,154335,187.48,256.0,0.0000,2925213,2924710
492000,251550,154527,186.88,256.0,0.0000,2942906,2942752
493000,251620,154229,188.04,256.0,0.0000,2945165,2945095
494000,251891,154012,187.40,256.0,0.0000,2940244,2939973
495000,252322,154172,187.92,256.0,0.0000,2943285,2942854
496000,252382,154657,187.41,256.0,0.0000,2931357,2931297
497000,252482,154535,187.88,256.0,0.0000,2938416,2938316
498000,252499,154821,187.27,256.0,0.0000,2944739,2944722
499000,252545,155023,187.29,256.0,0.0000,2947868,2947822
500000,252861,154766,187.44,256.0,0.0000,2949784,2949468
501000,252654,154403,187.51,256.0,0.0000,2955207,2955414
502000,252925,154399,187.46,256.0,0.0000,2966953,2966682
503000,252828,154003,187.47,256.0,0.0000,2946494,2946591
504000,252717,153914,187.98,256.0,0.0000,2939762,2939873
505000,252634,153940,187.54,256.0,0.0000,2945683,2945766
506000,252751,154180,187.79,256.0,0.0000,2950136,2950019
507000,252981,154469,187.92,256.0,0.0000,2944334,2944104
508000,253191,154123,188.45,256.0,0.0000,2955642,2955432
509000,253061,153998,188.30,256.0,0.0000,2938509,2938639
510000,252905,154233,187.45,256.0,0.0000,2947119,2947275
511000,253372,154316,187.21,256.0,0.0000,2950936,2950469
512000,253238,154825,187.75,256.0,0.0000,2955443,2955577
513000,252894,154830,187.94,256.0,0.0000,2943769,2944113
514000,252969,155022,187.36,256.0,0.0000,2959252,2959177
515000,252828,154384,187.99,256.0,0.0000,2955407,2955548
516000,252353,153966,187.82,256.0,0.0000,2939666,2940141
517000,252429,153781,187.76,256.0,0.0000,2934257,2934181
518000,252059,154128,186.96,256.0,0.0000,2956649,2957019
519000,252451,154428,187.42,256.0,0.0000,2953833,2953441
520000,252540,154398,187.94,256.0,0.0000,2971507,2971418
521000,252872,154466,187.50,256.0,0.0000,2954800,2954468
522000,252744,153908,187.57,256.0,0.0000,2964089,2964217
523000,252651,153735,187.79,256.0,0.0000,2948920,2949013
524000,252453,153737,186.97,256.0,0.0000,2951874,2952072
525000,252745,153419,187.67,256.0,0.0000,2957200,2956908
526000,253038,153434,187.83,256.0,0.0000,2955133,2954840
527000,253020,154091,187.52,256.0,0.0000,2949290,2949308
528000,253113,153917,187.78,256.0,0.0000,2960042,2959949
529000,252787,153396,188.30,256.0,0.0000,2942304,2942630
530000,252583,153777,187.34,256.0,0.0000,2948748,2948952
531000,252335,152944,187.73,256.0,0.0000,2938725,2938973
532000,251949,153525,187.61,256.0,0.0000,2951027,2951413
533000,252107,153066,187.20,256.0,0.0000,2962978,2962820
534000,251972,153372,187.50,256.0,0.0000,2954560,2954695
535000,251750,153446,187.24,256.0,0.0000,2963986,2964208
536000,251683,153442,186.97,256.0,0.0000,2960547,2960614
537000,251778,153023,187.83,256.0,0.0000,2938215,2938120
538000,251894,153203,187.47,256.0,0.0000,2936101,2935985
539000,251820,153178,187.58,256.0,0.0000,2934003,2934077
540000,251127,152774,188.21,256.0,0.0000,2952729,2953422
541000,250746,152403,187.41,256.0,0.0000,2938056,2938437
542000,251108,152960,187.78,256.0,0.0000,2940508,2940146
543000,250916,152976,187.01,256.0,0.0000,2942672,2942864
544000,250925,152639,186.94,256.0,0.0000,2943750,2943741
545000,250700,151990,187.38,256.0,0.0000,2947714,2947939
546000,250864,151759,187.10,256.0,0.0000,2932821,2932657
547000,251359,152529,187.86,256.0,0.0000,2939033,2938538
548000,251491,152376,187.29,256.0,0.0000,2940963,2940831
549000,251738,152456,187.68,256.0,0.0000,2940806,2940559
550000,252044,152614,187.28,256.0,0.0000,2967834,2967528
551000,252268,152898,187.61,256.0,0.0000,2943796,2943572
552000,251761,152328,187.47,256.0,0.0000,2955439,2955946
553000,251565,152840,187.13,256.0,0.0000,2959965,2960161
554000,251282,152583,187.82,256.0,0.0000,2949722,2950005
555000,251309,152107,187.69,256.0,0.0000,2947636,2947609
556000,251188,151831,187.66,256.0,0.0000,2937261,2937382
557000,251734,152183,187.43,256.0,0.0000,2952964,2952418
558000,251835,152567,187.55,256.0,0.0000,2947172,2947071
559000,251849,152287,187.22,256.0,0.0000,2947884,2947870
560000,251570,151961,187.94,256.0,0.0000,2943528,2943807
561000,251449,152029,187.17,256.0,0.0000,2940536,2940657
562000,250943,152422,187.15,256.0,0.0000,2965624,2966130
563000,250944,152079,187.00,256.0,0.0000,2953330,2953329
564000,251092,152218,187.18,256.0,0.0000,2956753,2956605
565000,250382,151330,186.73,256.0,0.0000,2966721,2967431
566000,250672,151584,187.36,256.0,0.0000,2964257,2963967
567000,251489,151942,187.36,256.0,0.0000,2943697,2942880
568000,251931,152368,187.21,256.0,0.0000,2959945,2959503
569000,252105,152167,187.18,256.0,0.0000,2952477,2952303
570000,252010,151517,187.46,256.0,0.0000,2963095,2963190
571000,252218,151901,187.86,256.0,0.0000,2944503,2944295
572000,252579,152302,188.14,256.0,0.0000,2932057,2931696
573000,251933,152244,187.89,256.0,0.0000,2950938,2951584
574000,251566,152111,187.91,256.0,0.0000,2942401,2942768
575000,251441,151942,187.57,256.0,0.0000,2957665,2957790
576000,251144,152006,187.50,256.0,0.0000,2952671,2952968
577000,250957,151863,187.26,256.0,0.0000,2948109,2948296
578000,251010,152294,187.19,256.0,0.0000,2951370,2951317
579000,250821,152090,187.40,256.0,0.0000,2972481,2972670
580000,250742,151413,187.31,256.0,0.0000,2956681,2956760
581000,251070,151914,186.71,256.0,0.0000,2960829,2960501
582000,251113,152171,187.20,256.0,0.0000,2953589,2953546
583000,251182,151702,187.79,256.0,0.0000,2940217,2940148
584000,251497,151716,187.69,256.0,0.0000,2938152,2937837
585000,251534,152066,187.85,256.0,0.0000,2936446,2936409
586000,251430,151994,187.82,256.0,0.0000,2940934,2941038
587000,251362,151557,188.25,256.0,0.0000,2930906,2930974
588000,251094,151205,187.51,256.0,0.0000,2920012,2920280
589000,250797,151109,187.41,256.0,0.0000,2930912,2931209
590000,249821,150821,187.20,256.0,0.0000,2937978,2938954
591000,249876,150758,187.18,256.0,0.0000,2936628,2936573
592000,249102,150781,187.19,256.0,0.0000,2937665,2938439
593000,248829,150117,187.18,256.0,0.0000,2930452,2930725
594000,248724,150687,187.05,256.0,0.0000,2931393,2931498
595000,248573,150479,187.05,256.0,0.0000,2923770,2923921
596000,248603,150753,187.73,256.0,0.0000,2926312,2926282
597000,248342,150049,187.43,256.0,0.0000,2935450,2935711
598000,248363,150255,187.28,256.0,0.0000,2929563,2929542
599000,248073,149582,187.04,256.0,0.0000,2928347,2928637
600000,248064,149649,186.48,256.0,0.0000,2942935,2942944
601000,247933,150011,186.69,256.0,0.0000,2936704,2936835
602000,247658,149931,187.35,256.0,0.0000,2934798,2935073
603000,247244,149365,186.85,256.0,0.0000,2928347,2928761
604000,247746,149706,186.89,256.0,0.0000,2933018,2932516
605000,247910,150488,186.12,256.0,0.0000,2934272,2934108
606000,248686,149989,186.66,256.0,0.0000,2943044,2942268
607000,248832,150482,187.02,256.0,0.0000,2938972,2938826
608000,248996,150444,186.92,256.0,0.0000,2940788,2940624
609000,248214,149987,187.16,256.0,0.0000,2949974,2950756
610000,248123,150074,186.35,256.0,0.0000,2945630,2945721
611000,248206,149755,187.63,256.0,0.0000,2943253,2943170
612000,248017,150077,186.43,256.0,0.0000,2944689,2944878
613000,247868,149912,187.09,256.0,0.0000,2942696,2942845
614000,247824,150147,186.15,256.0,0.0000,2956562,2956606
615000,247977,150175,186.42,256.0,0.0000,2954634,2954481
616000,247771,149703,187.23,256.0,0.0000,2938331,2938537
617000,247285,149738,187.05,256.0,0.0000,2939768,2940254
618000,247662,149578,186.95,256.0,0.0000,2942510,2942133
619000,247892,149889,187.06,256.0,0.0000,2930272,2930042
620000,247761,150165,186.71,256.0,0.0000,2952461,2952592
621000,247663,149635,186.87,256.0,0.0000,2937439,2937537
622000,247666,149815,186.93,256.0,0.0000,2942007,2942004
623000,247925,149420,186.88,256.0,0.0000,2951783,2951524
624000,248003,150218,186.15,256.0,0.0000,2945332,2945254
625000,247525,149779,186.32,256.0,0.0000,2957115,2957593
626000,247609,149308,186.55,256.0,0.0000,2936876,2936792
627000,247431,149342,186.75,256.0,0.0000,2946437,2946615
628000,247663,149326,187.21,256.0,0.0000,2943148,2942916
629000,247433,149110,187.26,256.0,0.0000,2927625,2927855
630000,247013,148865,186.72,256.0,0.0000,2932247,2932667
631000,246990,148753,186.30,256.0,0.0000,2931162,2931185
632000,247228,148769,186.43,256.0,0.0000,2941138,2940900
633000,247722,149554,187.18,256.0,0.0000,2932190,2931696
634000,247561,149537,187.02,256.0,0.0000,2919808,2919969
635000,247204,149562,186.13,256.0,0.0000,2932809,2933166
636000,247429,149432,186.42,256.0,0.0000,2941113,2940888
637000,247789,149302,186.29,256.0,0.0000,2950299,2949939
638000,248153,149557,186.38,256.0,0.0000,2965046,2964682
639000,248559,149484,186.88,256.0,0.0000,2956288,2955882
640000,248270,149421,186.69,256.0,0.0000,2951894,2952183
641000,248383,149852,186.85,256.0,0.0000,2938965,2938852
642000,249433,150201,187.16,256.0,0.0000,2960777,2959727
643000,249789,150470,186.74,256.0,0.0000,2972545,2972189
644000,250709,150326,187.00,256.0,0.0000,2972050,2971130
645000,251036,150694,187.06,256.0,0.0000,2959957,2959630
646000,251735,150526,187.41,256.0,0.0000,2975858,2975159
647000,251799,150392,186.52,256.0,0.0000,2969730,2969666
648000,251804,150447,187.00,256.0,0.0000,2971674,2971669
649000,251621,150630,187.41,256.0,0.0000,2961099,2961282
650000,251833,150393,187.44,256.0,0.0000,2964728,2964516
651000,251988,150906,187.52,256.0,0.0000,2949151,2948996
652000,251721,150294,187.74,256.0,0.0000,2953809,2954076
653000,251987,150773,187.29,256.0,0.0000,2949809,2949543
654000,251531,150327,187.45,256.0,0.0000,2940922,2941378
655000,251412,150500,187.40,256.0,0.0000,2961320,2961439
656000,251526,150541,187.36,256.0,0.0000,2962294,2962180
657000,251707,150510,187.37,256.0,0.0000,2969559,2969378
658000,251458,150792,186.84,256.0,0.0000,2964795,2965044
659000,251199,150617,187.19,256.0,0.0000,2972860,2973119
660000,251179,150887,187.26,256.0,0.0000,2965114,2965134
661000,251025,150739,187.51,256.0,0.0000,2956949,2957103
662000,251219,150989,186.96,256.0,0.0000,2954569,2954375
663000,251186,150665,186.93,256.0,0.0000,2962746,2962779
664000,251388,150664,187.40,256.0,0.0000,2973262,2973060
665000,251492,150928,186.50,256.0,0.0000,2976627,2976523
666000,251823,150713,187.21,256.0,0.0000,2994693,2994362
667000,251668,150065,187.04,256.0,0.0000,2960940,2961095
668000,251813,150182,187.55,256.0,0.0000,2965390,2965245
669000,251770,149769,187.28,256.0,0.0000,2952716,2952759
670000,252036,150264,187.33,256.0,0.0000,2944350,2944084
671000,252332,150156,187.99,256.0,0.0000,2951067,2950771
672000,252174,150290,187.79,256.0,0.0000,2954873,2955031
673000,251982,150375,187.81,256.0,0.0000,2941302,2941494
674000,251754,150311,187.40,256.0,0.0000,2945418,2945646
675000,251705,149976,187.13,256.0,0.0000,2953245,2953294
676000,251922,150396,187.20,256.0,0.0000,2952236,2952019
677000,251633,150264,186.86,256.0,0.0000,2963087,2963376
678000,251764,150147,187.72,256.0,0.0000,2964023,2963892
679000,251664,150194,187.41,256.0,0.0000,2951505,2951605
680000,251892,150081,187.28,256.0,0.0000,2951122,2950894
681000,252023,150093,186.72,256.0,0.0000,2971535,2971404
682000,252318,150195,187.89,256.0,0.0000,2957649,2957354
683000,252605,150336,187.44,256.0,0.0000,2961342,2961055
684000,252303,150173,187.41,256.0,0.0000,2951220,2951522
685000,251833,149877,187.03,256.0,0.0000,2961865,2962335
686000,251703,149674,187.60,256.0,0.0000,2963268,2963398
687000,252066,149900,187.71,256.0,0.0000,2959057,2958694
688000,251797,149872,187.04,256.0,0.0000,2974050,2974319
689000,252147,150583,187.42,256.0,0.0000,2958765,2958415
690000,252049,150105,187.81,256.0,0.0000,2944308,2944406
691000,252155,150288,186.97,256.0,0.0000,2964489,2964383
692000,252062,150488,187.65,256.0,0.0000,2971461,2971554
693000,251764,149695,187.88,256.0,0.0000,2970664,2970962
694000,252099,150025,186.84,256.0,0.0000,2959352,2959017
695000,252408,149938,187.77,256.0,0.0000,2952672,2952363
696000,252245,149971,187.13,256.0,0.0000,2973675,2973838
697000,251699,149516,187.45,256.0,0.0000,2950249,2950795
698000,251575,149218,187.23,256.0,0.0000,2951290,2951414
699000,252135,150071,187.54,256.0,0.0000,2961820,2961260
700000,252431,149757,187.35,256.0,0.0000,2955295,2954999
701000,252547,149552,187.80,256.0,0.0000,2959190,2959074
702000,252454,149823,187.58,256.0,0.0000,2951730,2951823
703000,252597,150327,187.42,256.0,0.0000,2957972,2957829
704000,252547,150092,187.40,256.0,0.0000,2962933,2962983
705000,252461,149470,187.27,256.0,0.0000,2959895,2959981
706000,252876,149830,187.71,256.0,0.0000,2962080,2961665
707000,253118,149834,187.95,256.0,0.0000,2956174,2955932
708000,253332,149828,187.51,256.0,0.0000,2966199,2965985
709000,253380,149625,187.03,256.0,0.0000,2971035,2970987
710000,253885,150211,187.23,256.0,0.0000,2975162,2974657
711000,253851,150350,187.61,256.0,0.0000,2969986,2970020
712000,253440,150235,187.59,256.0,0.0000,2966843,2967254
713000,253177,149795,187.09,256.0,0.0000,2976593,2976856
714000,253492,150078,187.80,256.0,0.0000,2970922,2970607
715000,253773,149952,187.94,256.0,0.0000,2966021,2965740
716000,253993,150096,187.20,256.0,0.0000,2987385,2987165
717000,254032,150081,187.99,256.0,0.0000,2981009,2980970
718000,254280,150127,187.60,256.0,0.0000,2965847,2965599
719000,254143,150553,187.05,256.0,0.0000,2995080,2995217
720000,253996,150165,187.42,256.0,0.0000,2993953,2994100
721000,254008,150027,187.53,256.0,0.0000,2982899,2982887
722000,253972,149826,187.71,256.0,0.0000,2969263,2969299
723000,253795,150421,187.41,256.0,0.0000,2965241,2965418
724000,253512,149598,187.47,256.0,0.0000,2976608,2976891
725000,253807,150232,187.14,256.0,0.0000,2980702,2980407
726000,254432,150227,188.19,256.0,0.0000,2975102,2974477
727000,254695,149950,187.79,256.0,0.0000,2968801,2968538
728000,255030,149806,187.88,256.0,0.0000,2960636,2960301
729000,254861,149928,188.68,256.0,0.0000,2940935,2941104
730000,254720,149951,187.98,256.0,0.0000,2966321,2966462
731000,255085,150332,188.15,256.0,0.0000,2965274,2964909
732000,255017,150244,187.97,256.0,0.0000,2961731,2961799
733000,255204,150189,187.96,256.0,0.0000,2967078,2966891
734000,255730,150601,187.70,256.0,0.0000,2975693,2975167
735000,255745,150525,187.71,256.0,0.0000,2978124,2978109
736000,255595,150344,188.19,256.0,0.0000,2974464,2974614
737000,255521,150672,187.86,256.0,0.0000,2962613,2962687
738000,255042,150220,188.05,256.0,0.0000,2963934,2964413
739000,254946,150670,187.41,256.0,0.0000,2978320,2978416
740000,255249,150303,187.71,256.0,0.0000,2978628,2978325
741000,254956,150749,187.11,256.0,0.0000,2983552,2983845
742000,255149,150620,187.58,256.0,0.0000,2998466,2998273
743000,255207,150970,187.73,256.0,0.0000,2990196,2990138
744000,255296,150512,187.83,256.0,0.0000,2982407,2982318
745000,254902,150704,187.25,256.0,0.0000,2987725,2988119
746000,255026,150611,187.96,256.0,0.0000,2980694,2980570
747000,255288,150963,187.23,256.0,0.0000,2983972,2983710
748000,255634,150966,187.70,256.0,0.0000,2986762,2986416
749000,255405,151747,187.04,256.0,0.0000,3006999,3007228
750000,255447,150598,187.66,256.0,0.0000,2997060,2997018
751000,255241,150854,187.27,256.0,0.0000,2979367,2979573
752000,255235,150733,187.99,256.0,0.0000,2984086,2984092
753000,255305,150628,188.48,256.0,0.0000,2976370,2976300
754000,255667,150526,187.34,256.0,0.0000,2995653,2995291
755000,255492,150466,187.66,256.0,0.0000,2987550,2987725
756000,255436,150564,187.88,256.0,0.0000,2983270,2983326
757000,255302,150718,187.58,256.0,0.0000,2990822,2990956
758000,255364,150579,187.25,256.0,0.0000,2999692,2999630
759000,255269,150848,187.51,256.0,0.0000,2991400,2991495
760000,255493,150693,187.43,256.0,0.0000,2989518,2989294
761000,255373,150699,187.62,256.0,0.0000,2982777,2982897
762000,255432,150696,186.99,256.0,0.0000,2993392,2993333
763000,255888,150501,187.76,256.0,0.0000,2989712,2989256
764000,255559,150565,187.66,256.0,0.0000,2992532,2992861
765000,255873,150454,188.00,256.0,0.0000,2990146,2989832
766000,255734,150135,188.23,256.0,0.0000,2974096,2974235
767000,255317,150605,187.64,256.0,0.0000,2969597,2970014
768000,255250,150481,187.74,256.0,0.0000,2984536,2984603
769000,254799,150401,187.18,256.0,0.0000,2979946,2980397
770000,254837,149743,187.81,256.0,0.0000,2981190,2981152
771000,254779,150015,187.45,256.0,0.0000,2978713,2978771
772000,254731,150236,187.59,256.0,0.0000,2988639,2988687
773000,254637,150645,187.22,256.0,0.0000,2996539,2996633
774000,254563,150663,187.49,256.0,0.0000,2976960,2977034
775000,254735,150330,187.78,256.0,0.0000,2977610,2977438
776000,254630,149891,187.76,256.0,0.0000,2967879,2967984
777000,254673,150296,187.75,256.0,0.0000,2966708,2966665
778000,254364,149833,187.95,256.0,0.0000,2989763,2990072
779000,254127,150329,187.21,256.0,0.0000,2978390,2978627
780000,254025,150082,186.92,256.0,0.0000,2983343,2983445
781000,254503,150139,187.38,256.0,0.0000,2985160,2984682
782000,254621,149819,187.68,256.0,0.0000,2978810,2978692
783000,254437,149870,187.68,256.0,0.0000,2978470,2978654
784000,254450,149738,187.41,256.0,0.0000,2971122,2971109
785000,254814,149537,187.62,256.0,0.0000,2982198,2981834
786000,254720,150013,188.08,256.0,0.0000,2972121,2972215
787000,255123,150019,188.30,256.0,0.0000,2973984,2973581
788000,255017,150188,187.53,256.0,0.0000,2977267,2977373
789000,255240,150456,187.18,256.0,0.0000,2981359,2981136
790000,255512,149816,188.13,256.0,0.0000,2981455,2981183
791000,255413,149914,187.64,256.0,0.0000,2988889,2988988
792000,255136,150314,187.13,256.0,0.0000,2996989,2997266
793000,254916,150003,187.10,256.0,0.0000,3017812,3018032
794000,255367,149743,188.27,256.0,0.0000,2995796,2995345
795000,255543,150218,187.85,256.0,0.0000,2981317,2981141
796000,255654,150331,187.65,256.0,0.0000,2990691,2990580
797000,255622,150711,187.31,256.0,0.0000,2982660,2982692
798000,255617,150116,187.94,256.0,0.0000,2982932,2982937
799000,255419,150169,187.37,256.0,0.0000,2995219,2995417
800000,255327,150305,187.24,256.0,0.0000,2989695,2989787
801000,255502,150092,188.16,256.0,0.0000,2995766,2995591
802000,255552,150048,188.36,256.0,0.0000,2980745,2980695
803000,255822,149641,187.79,256.0,0.0000,2984781,2984511
804000,256120,150192,188.41,256.0,0.0000,2963249,2962951
805000,256455,149596,188.22,256.0,0.0000,2991749,2991414
806000,256524,149552,188.30,256.0,0.0000,2965248,2965179
807000,256364,149848,188.01,256.0,0.0000,2978126,2978286
808000,256119,150192,188.15,256.0,0.0000,2986769,2987014
809000,255977,150196,187.82,256.0,0.0000,2983830,2983972
810000,255815,150240,187.39,256.0,0.0000,3003825,3003987
811000,255603,150099,187.60,256.0,0.0000,3007881,3008093
812000,255817,150582,187.79,256.0,0.0000,2992701,2992487
813000,255939,150319,187.34,256.0,0.0000,3004201,3004079
814000,255956,150166,188.21,256.0,0.0000,2999971,2999954
815000,255893,150373,187.16,256.0,0.0000,2989487,2989550
816000,256079,149899,188.19,256.0,0.0000,2981010,2980824
817000,255820,149403,187.67,256.0,0.0000,2984024,2984283
818000,255714,149628,187.65,256.0,0.0000,2992076,2992182
819000,255261,149369,187.81,256.0,0.0000,2981406,2981859
820000,255301,149533,187.39,256.0,0.0000,2981774,2981734
821000,255227,149259,188.06,256.0,0.0000,2990566,2990640
822000,255303,149092,187.71,256.0,0.0000,2990611,2990535
823000,255371,149568,187.64,256.0,0.0000,2972676,2972608
824000,255592,148889,188.60,256.0,0.0000,2981037,2980816
825000,255678,149123,187.27,256.0,0.0000,2981273,2981187
826000,256028,149724,187.52,256.0,0.0000,2986847,2986497
827000,255851,149760,187.66,256.0,0.0000,2991859,2992036
828000,255880,149624,187.40,256.0,0.0000,2990750,2990721
829000,255770,149554,187.41,256.0,0.0000,2989257,2989367
830000,255667,149469,187.46,256.0,0.0000,2981507,2981610
831000,255476,149341,187.59,256.0,0.0000,2977632,2977823
832000,255340,149110,187.83,256.0,0.0000,2985873,2986009
833000,255469,149630,187.61,256.0,0.0000,2988848,2988719
834000,255112,149416,187.40,256.0,0.0000,2993296,2993653
835000,255120,148641,187.24,256.0,0.0000,2989104,2989096
836000,255086,148956,187.50,256.0,0.0000,2988501,2988535
837000,255207,148523,187.24,256.0,0.0000,2979125,2979004
838000,255029,148965,187.72,256.0,0.0000,2983124,2983302
839000,255407,148919,188.05,256.0,0.0000,2973369,2972991
840000,255191,148948,187.47,256.0,0.0000,2990127,2990343
841000,255153,148416,187.84,256.0,0.0000,2978418,2978456
842000,255321,148132,187.44,256.0,0.0000,2978845,2978677
843000,255808,148911,188.14,256.0,0.0000,2987739,2987252
844000,255730,148824,187.65,256.0,0.0000,2985289,2985367
845000,255662,148887,188.01,256.0,0.0000,2986198,2986266
846000,255377,148891,188.00,256.0,0.0000,2985119,2985404
847000,255295,149097,187.86,256.0,0.0000,2997359,2997441
848000,255148,148315,187.43,256.0,0.0000,2989597,2989744
849000,255294,148871,187.94,256.0,0.0000,2985719,2985573
850000,254839,148934,187.60,256.0,0.0000,2989925,2990380
851000,255101,149009,187.57,256.0,0.0000,2995563,2995301
852000,255272,149249,187.09,256.0,0.0000,2979217,2979046
853000,255595,149602,187.32,256.0,0.0000,2987794,2987471
854000,255566,148837,188.17,256.0,0.0000,2985695,2985724
855000,255150,148801,187.44,256.0,0.0000,2997535,2997951
856000,255018,149180,187.68,256.0,0.0000,2982718,2982850
857000,254647,149087,187.83,256.0,0.0000,2976742,2977113
858000,254839,149158,187.84,256.0,0.0000,2984120,2983928
859000,254452,148492,187.25,256.0,0.0000,2984274,2984661
860000,254328,149022,187.20,256.0,0.0000,2991036,2991160
861000,254548,148509,187.73,256.0,0.0000,2978537,2978317
862000,254513,148508,187.43,256.0,0.0000,2991866,2991901
863000,254579,148315,187.72,256.0,0.0000,2989119,2989053
864000,254491,148279,187.44,256.0,0.0000,2973186,2973274
865000,254518,148601,187.49,256.0,0.0000,2981843,2981816
866000,254480,147998,187.34,256.0,0.0000,2981304,2981342
867000,254791,148564,188.10,256.0,0.0000,2978529,2978218
868000,254922,148483,187.47,256.0,0.0000,2983428,2983297
869000,255165,148487,188.54,256.0,0.0000,2986199,2985956
870000,254643,148839,187.35,256.0,0.0000,2983938,2984460
871000,254694,148284,188.16,256.0,0.0000,2970586,2970535
872000,254432,148363,188.04,256.0,0.0000,2976972,2977234
873000,254796,147885,188.16,256.0,0.0000,2960080,2959716
874000,254540,148169,187.74,256.0,0.0000,2970102,2970358
875000,254683,148146,188.82,256.0,0.0000,2960637,2960494
876000,254757,148178,188.52,256.0,0.0000,2962660,2962586
877000,254598,148708,188.48,256.0,0.0000,2960605,2960764
878000,254690,148481,188.47,256.0,0.0000,2971275,2971183
879000,254508,148997,187.36,256.0,0.0000,2983265,2983447
880000,254251,148768,187.63,256.0,0.0000,2979018,2979275
881000,253766,149045,187.30,256.0,0.0000,2988924,2989409
882000,253726,148525,187.09,256.0,0.0000,2984084,2984124
883000,253469,148437,187.20,256.0,0.0000,2985305,2985562
884000,253565,148399,187.62,256.0,0.0000,2973889,2973793
885000,253507,148295,187.45,256.0,0.0000,2977848,2977906
886000,253352,148588,187.54,256.0,0.0000,2968214,2968369
887000,252999,148454,187.80,256.0,0.0000,2978235,2978588
888000,252904,148800,187.00,256.0,0.0000,2977114,2977209
889000,252758,148179,187.57,256.0,0.0000,2988908,2989054
890000,252825,147872,186.94,256.0,0.0000,2978024,2977957
891000,252586,147883,187.04,256.0,0.0000,2977614,2977853
892000,252787,148354,186.83,256.0,0.0000,2991956,2991755
893000,253105,147928,186.91,256.0,0.0000,2984046,2983728
894000,252963,148385,186.89,256.0,0.0000,2989090,2989232
895000,253045,148248,187.58,256.0,0.0000,2975099,2975017
896000,253556,148612,187.33,256.0,0.0000,2979688,2979177
897000,253263,148524,186.84,256.0,0.0000,2981482,2981775
898000,253215,148373,187.24,256.0,0.0000,2979097,2979145
899000,253429,148455,187.57,256.0,0.0000,2985447,2985233
900000,253422,148323,187.23,256.0,0.0000,2979220,2979227
901000,253613,148253,187.54,256.0,0.0000,2979971,2979780
902000,253346,148366,187.55,256.0,0.0000,2977420,2977687
903000,253949,148840,187.45,256.0,0.0000,2986177,2985574
904000,254164,148464,187.09,256.0,0.0000,2982256,2982041
905000,254439,148644,187.97,256.0,0.0000,2994182,2993907
906000,254262,148415,187.31,256.0,0.0000,3006917,3007094
907000,254533,148554,187.45,256.0,0.0000,2986454,2986183
908000,254305,148817,187.86,256.0,0.0000,2989809,2990037
909000,254302,148511,187.48,256.0,0.0000,2980417,2980420
910000,254345,148338,187.54,256.0,0.0000,2992984,2992941
911000,254247,148692,187.65,256.0,0.0000,2993973,2994071
912000,254658,149201,187.15,256.0,0.0000,2997257,2996846
913000,254745,148519,187.71,256.0,0.0000,2991432,2991345
914000,254585,148755,187.62,256.0,0.0000,2990423,2990583
915000,254782,148815,187.68,256.0,0.0000,2997455,2997258
916000,255123,148943,187.72,256.0,0.0000,2978656,2978315
917000,255489,149145,187.90,256.0,0.0000,2972205,2971839
918000,255357,148438,188.29,256.0,0.0000,2984449,2984581
919000,255601,148948,188.27,256.0,0.0000,2985607,2985363
920000,255497,149040,187.59,256.0,0.0000,2975408,2975512
921000,255299,148886,187.23,256.0,0.0000,2997059,2997257
922000,255247,148790,187.66,256.0,0.0000,2975870,2975922
923000,255249,148525,187.69,256.0,0.0000,2993393,2993391
924000,255563,149106,187.32,256.0,0.0000,2996948,2996634
925000,255035,149528,187.65,256.0,0.0000,3000962,3001490
926000,255243,149227,187.35,256.0,0.0000,2993677,2993469
927000,255142,148594,187.52,256.0,0.0000,2990224,2990325
928000,255072,148448,187.31,256.0,0.0000,2987606,2987676
929000,255313,149329,187.84,256.0,0.0000,2993872,2993631
930000,255214,148989,187.48,256.0,0.0000,2983636,2983735
931000,254985,148545,187.36,256.0,0.0000,2991019,2991248
932000,255018,149390,187.29,256.0,0.0000,2995415,2995382
933000,254769,148755,187.64,256.0,0.0000,2992839,2993088
934000,254098,149036,186.84,256.0,0.0000,2995703,2996374
935000,254635,148737,187.91,256.0,0.0000,2993131,2992594
936000,254403,148451,187.52,256.0,0.0000,2981956,2982188
937000,254543,148427,187.55,256.0,0.0000,2991820,2991680
938000,254592,148858,187.40,256.0,0.0000,2987757,2987708
939000,254286,148706,187.35,256.0,0.0000,2980172,2980478
940000,254163,148662,187.24,256.0,0.0000,2989858,2989981
941000,253823,148668,187.05,256.0,0.0000,2983845,2984185
942000,253591,148580,186.89,256.0,0.0000,2999507,2999739
943000,253482,148737,186.80,256.0,0.0000,2996240,2996349
944000,253948,148770,186.67,256.0,0.0000,3008554,3008088
945000,254091,149051,187.02,256.0,0.0000,3005084,3004941
946000,254281,149053,186.94,256.0,0.0000,3000957,3000767
947000,254140,148716,187.57,256.0,0.0000,2980971,2981112
948000,254529,149128,187.67,256.0,0.0000,2973192,2972803
949000,254380,148878,187.61,256.0,0.0000,2984056,2984205
950000,254139,148149,187.64,256.0,0.0000,2985802,2986043
951000,253979,148600,187.23,256.0,0.0000,2979589,2979749
952000,254149,148442,187.05,256.0,0.0000,2991881,2991711
953000,254168,148688,187.43,256.0,0.0000,2990370,2990351
954000,254348,148985,186.82,256.0,0.0000,2988437,2988257
955000,254293,148855,187.34,256.0,0.0000,3007431,3007486
956000,254544,149090,187.27,256.0,0.0000,2996957,2996706
957000,254557,148749,187.75,256.0,0.0000,2984167,2984154
958000,254405,148973,187.02,256.0,0.0000,2988403,2988555
959000,254337,149081,187.00,256.0,0.0000,2993306,2993374
960000,254475,148456,187.33,256.0,0.0000,3011958,3011820
961000,254506,148344,186.91,256.0,0.0000,2998971,2998940
962000,254339,148641,187.85,256.0,0.0000,2989229,2989396
963000,254864,149169,187.85,256.0,0.0000,2984991,2984466
964000,254814,148904,187.59,256.0,0.0000,2987061,2987111
965000,255061,148627,187.85,256.0,0.0000,2986982,2986735
966000,254736,148315,187.93,256.0,0.0000,2973988,2974313
967000,254685,148510,187.67,256.0,0.0000,2987085,2987136
968000,254674,148500,187.57,256.0,0.0000,2976154,2976165
969000,254710,148581,188.05,256.0,0.0000,2989831,2989795
970000,254192,148684,187.32,256.0,0.0000,2977232,2977750
971000,253862,147959,187.47,256.0,0.0000,2995535,2995865
972000,253731,148391,187.19,256.0,0.0000,2990912,2991043
973000,253698,148251,187.33,256.0,0.0000,2982056,2982089
974000,253834,148241,187.58,256.0,0.0000,2979365,2979229
975000,253577,148419,187.40,256.0,0.0000,2954924,2955181
976000,253316,148072,187.50,256.0,0.0000,2975056,2975317
977000,253176,148258,186.99,256.0,0.0000,2991182,2991322
978000,253483,148346,187.42,256.0,0.0000,2984553,2984246
979000,253322,148714,186.73,256.0,0.0000,2993684,2993845
980000,253273,148151,187.53,256.0,0.0000,2990247,2990296
981000,253480,148560,187.10,256.0,0.0000,2976568,2976361
982000,253355,148711,186.96,256.0,0.0000,2977783,2977908
983000,253128,148485,186.99,256.0,0.0000,2985719,2985946
984000,253374,148489,187.08,256.0,0.0000,2973033,2972787
985000,253299,148549,187.43,256.0,0.0000,2980691,2980766
986000,253460,148209,187.68,256.0,0.0000,2971308,2971147
987000,253469,148284,187.08,256.0,0.0000,2974700,2974691
988000,253408,148259,187.62,256.0,0.0000,2967627,2967688
989000,253285,148247,187.63,256.0,0.0000,2978548,2978671
990000,253010,148533,186.71,256.0,0.0000,2984515,2984790
991000,253558,148887,187.05,256.0,0.0000,2982221,2981673
992000,253594,148247,187.71,256.0,0.0000,2991356,2991320
993000,253722,148358,187.56,256.0,0.0000,2992873,2992745
994000,253519,148827,187.29,256.0,0.0000,3000590,3000793
995000,253366,148889,186.79,256.0,0.0000,2984879,2985032
996000,252723,148462,186.63,256.0,0.0000,2999312,2999955
997000,252661,148160,187.11,256.0,0.0000,2990443,2990505
998000,252607,148237,187.29,256.0,0.0000,2976146,2976200
999000,252499,148065,186.79,256.0,0.0000,2984318,2984426
