genome	index	depth	first_divide	intact	copy_true	fecundity	fecundity_true
wrcxhcva	6514598944	0	148	1	1	1	1
wrchcxva	6761541744	0	148	1	1	1	1
wrchcvxa	7355610544	0	129	1	1	1	1
vxwvfagb	9887974299	0	132	1	1	1	1
wvxvfagb	9887974924	0	133	1	1	1	1
vwxvfagb	9887974949	0	133	1	1	1	1
vvxwfagb	9887992499	0	119	1	1	1	1
wvvxfagb	9888008724	0	120	1	1	1	1
vwvxfagb	9888008749	0	120	1	1	1	1
vvwxfagb	9888009399	0	120	1	1	1	1
vxwvfdgb	9923618427	0	138	1	1	1	1
wvxvfdgb	9923619052	0	139	1	1	1	1
vwxvfdgb	9923619077	0	139	1	1	1	1
vvxwfdgb	9923636627	0	124	1	1	1	1
wvvxfdgb	9923652852	0	125	1	1	1	1
vwvxfdgb	9923652877	0	125	1	1	1	1
vvwxfdgb	9923653527	0	125	1	1	1	1
vxwvfegb	9935499803	0	138	1	1	1	1
wvxvfegb	9935500428	0	139	1	1	1	1
vwxvfegb	9935500453	0	139	1	1	1	1
vvxwfegb	9935518003	0	124	1	1	1	1
wvvxfegb	9935534228	0	125	1	1	1	1
vwvxfegb	9935534253	0	125	1	1	1	1
vvwxfegb	9935534903	0	125	1	1	1	1
vxwhfggb	9959016491	0	108	1	1	1	1
wvxhfggb	9959017116	0	109	1	1	1	1
vwxhfggb	9959017141	0	109	1	1	1	1
vxwifggb	9959034067	0	108	1	1	1	1
wvxifggb	9959034692	0	109	1	1	1	1
vwxifggb	9959034717	0	109	1	1	1	1
vxwjfggb	9959051643	0	108	1	1	1	1
wvxjfggb	9959052268	0	109	1	1	1	1
vwxjfggb	9959052293	0	109	1	1	1	1
vxwkfggb	9959069219	0	108	1	1	1	1
wvxkfggb	9959069844	0	109	1	1	1	1
vwxkfggb	9959069869	0	109	1	1	1	1
vxwlfggb	9959086795	0	108	1	1	1	1
wvxlfggb	9959087420	0	109	1	1	1	1
vwxlfggb	9959087445	0	109	1	1	1	1
vxwmfggb	9959104371	0	108	1	1	1	1
wvxmfggb	9959104996	0	109	1	1	1	1
vwxmfggb	9959105021	0	109	1	1	1	1
vxwnfggb	9959121947	0	108	1	1	1	1
wvxnfggb	9959122572	0	109	1	1	1	1
vwxnfggb	9959122597	0	109	1	1	1	1
vxwofggb	9959139523	0	108	1	1	1	1
wvxofggb	9959140148	0	109	1	1	1	1
vwxofggb	9959140173	0	109	1	1	1	1
vxwpfggb	9959157099	0	108	1	1	1	1
wvxpfggb	9959157724	0	109	1	1	1	1
vwxpfggb	9959157749	0	109	1	1	1	1
vxwqfggb	9959174675	0	108	1	1	1	1
wvxqfggb	9959175300	0	109	1	1	1	1
vwxqfggb	9959175325	0	109	1	1	1	1
vxwrfggb	9959192251	0	108	1	1	1	1
wvxrfggb	9959192876	0	109	1	1	1	1
vwxrfggb	9959192901	0	109	1	1	1	1
vxwsfggb	9959209827	0	108	1	1	1	1
wvxsfggb	9959210452	0	109	1	1	1	1
vwxsfggb	9959210477	0	109	1	1	1	1
vxwtfggb	9959227403	0	108	1	1	1	1
wvxtfggb	9959228028	0	109	1	1	1	1
vwxtfggb	9959228053	0	109	1	1	1	1
vxwufggb	9959244979	0	108	1	1	1	1
wvxufggb	9959245604	0	109	1	1	1	1
vwxufggb	9959245629	0	109	1	1	1	1
vxfwfggb	9959268639	0	107	1	1	1	1
vxhwfggb	9959269991	0	108	1	1	1	1
vxiwfggb	9959270667	0	108	1	1	1	1
vxjwfggb	9959271343	0	108	1	1	1	1
vxkwfggb	9959272019	0	108	1	1	1	1
vxlwfggb	9959272695	0	108	1	1	1	1
vxmwfggb	9959273371	0	108	1	1	1	1
vxnwfggb	9959274047	0	108	1	1	1	1
vxowfggb	9959274723	0	108	1	1	1	1
vxpwfggb	9959275399	0	108	1	1	1	1
vxqwfggb	9959276075	0	108	1	1	1	1
vxrwfggb	9959276751	0	108	1	1	1	1
vxswfggb	9959277427	0	108	1	1	1	1
vxtwfggb	9959278103	0	108	1	1	1	1
vxuwfggb	9959278779	0	108	1	1	1	1
vxwwfggb	9959280131	0	108	1	1	1	1
vhxwfggb	9959280391	0	109	1	1	1	1
vixwfggb	9959280417	0	109	1	1	1	1
vjxwfggb	9959280443	0	109	1	1	1	1
vkxwfggb	9959280469	0	109	1	1	1	1
vlxwfggb	9959280495	0	109	1	1	1	1
vmxwfggb	9959280521	0	109	1	1	1	1
vnxwfggb	9959280547	0	109	1	1	1	1
voxwfggb	9959280573	0	109	1	1	1	1
vpxwfggb	9959280599	0	109	1	1	1	1
vqxwfggb	9959280625	0	109	1	1	1	1
vrxwfggb	9959280651	0	109	1	1	1	1
vsxwfggb	9959280677	0	109	1	1	1	1
vtxwfggb	9959280703	0	109	1	1	1	1
vuxwfggb	9959280729	0	109	1	1	1	1
hvxwfggb	9959280741	0	109	1	1	1	1
ivxwfggb	9959280742	0	109	1	1	1	1
jvxwfggb	9959280743	0	109	1	1	1	1
kvxwfggb	9959280744	0	109	1	1	1	1
lvxwfggb	9959280745	0	109	1	1	1	1
mvxwfggb	9959280746	0	109	1	1	1	1
nvxwfggb	9959280747	0	109	1	1	1	1
ovxwfggb	9959280748	0	109	1	1	1	1
pvxwfggb	9959280749	0	109	1	1	1	1
qvxwfggb	9959280750	0	109	1	1	1	1
rvxwfggb	9959280751	0	109	1	1	1	1
svxwfggb	9959280752	0	109	1	1	1	1
tvxwfggb	9959280753	0	109	1	1	1	1
uvxwfggb	9959280754	0	109	1	1	1	1
vvxwfggb	9959280755	0	61	1	1	2	2
wvxwfggb	9959280756	0	109	1	1	1	1
xvxwfggb	9959280757	0	109	1	1	1	1
yvxwfggb	9959280758	0	109	1	1	1	1
vwxwfggb	9959280781	0	109	1	1	1	1
vxxwfggb	9959280807	0	108	1	1	1	1
vyxwfggb	9959280833	0	109	1	1	1	1
vxywfggb	9959281483	0	108	1	1	1	1
wvhxfggb	9959287516	0	110	1	1	1	1
vwhxfggb	9959287541	0	110	1	1	1	1
wvixfggb	9959288192	0	110	1	1	1	1
vwixfggb	9959288217	0	110	1	1	1	1
wvjxfggb	9959288868	0	110	1	1	1	1
vwjxfggb	9959288893	0	110	1	1	1	1
wvkxfggb	9959289544	0	110	1	1	1	1
vwkxfggb	9959289569	0	110	1	1	1	1
wvlxfggb	9959290220	0	110	1	1	1	1
vwlxfggb	9959290245	0	110	1	1	1	1
wvmxfggb	9959290896	0	110	1	1	1	1
vwmxfggb	9959290921	0	110	1	1	1	1
wvnxfggb	9959291572	0	110	1	1	1	1
vwnxfggb	9959291597	0	110	1	1	1	1
wvoxfggb	9959292248	0	110	1	1	1	1
vwoxfggb	9959292273	0	110	1	1	1	1
wvpxfggb	9959292924	0	110	1	1	1	1
vwpxfggb	9959292949	0	110	1	1	1	1
wvqxfggb	9959293600	0	110	1	1	1	1
vwqxfggb	9959293625	0	110	1	1	1	1
wvrxfggb	9959294276	0	110	1	1	1	1
vwrxfggb	9959294301	0	110	1	1	1	1
wvsxfggb	9959294952	0	110	1	1	1	1
vwsxfggb	9959294977	0	110	1	1	1	1
wvtxfggb	9959295628	0	110	1	1	1	1
vwtxfggb	9959295653	0	110	1	1	1	1
wvuxfggb	9959296304	0	110	1	1	1	1
vwuxfggb	9959296329	0	110	1	1	1	1
whvxfggb	9959296616	0	110	1	1	1	1
wivxfggb	9959296642	0	110	1	1	1	1
wjvxfggb	9959296668	0	110	1	1	1	1
wkvxfggb	9959296694	0	110	1	1	1	1
wlvxfggb	9959296720	0	110	1	1	1	1
wmvxfggb	9959296746	0	110	1	1	1	1
wnvxfggb	9959296772	0	110	1	1	1	1
wovxfggb	9959296798	0	110	1	1	1	1
wpvxfggb	9959296824	0	110	1	1	1	1
wqvxfggb	9959296850	0	110	1	1	1	1
wrvxfggb	9959296876	0	110	1	1	1	1
wsvxfggb	9959296902	0	110	1	1	1	1
wtvxfggb	9959296928	0	110	1	1	1	1
wuvxfggb	9959296954	0	110	1	1	1	1
wvvxfggb	9959296980	0	62	1	1	2	2
fwvxfggb	9959296989	0	109	1	1	1	1
hwvxfggb	9959296991	0	110	1	1	1	1
iwvxfggb	9959296992	0	110	1	1	1	1
jwvxfggb	9959296993	0	110	1	1	1	1
kwvxfggb	9959296994	0	110	1	1	1	1
lwvxfggb	9959296995	0	110	1	1	1	1
mwvxfggb	9959296996	0	110	1	1	1	1
nwvxfggb	9959296997	0	110	1	1	1	1
owvxfggb	9959296998	0	110	1	1	1	1
pwvxfggb	9959296999	0	110	1	1	1	1
qwvxfggb	9959297000	0	110	1	1	1	1
rwvxfggb	9959297001	0	110	1	1	1	1
swvxfggb	9959297002	0	110	1	1	1	1
twvxfggb	9959297003	0	110	1	1	1	1
uwvxfggb	9959297004	0	110	1	1	1	1
vwvxfggb	9959297005	0	62	1	1	2	2
wwvxfggb	9959297006	0	110	1	1	1	1
xwvxfggb	9959297007	0	110	1	1	1	1
ywvxfggb	9959297008	0	110	1	1	1	1
wxvxfggb	9959297032	0	110	1	1	1	1
wyvxfggb	9959297058	0	110	1	1	1	1
vfwxfggb	9959297239	0	108	1	1	1	1
vhwxfggb	9959297291	0	110	1	1	1	1
viwxfggb	9959297317	0	110	1	1	1	1
vjwxfggb	9959297343	0	110	1	1	1	1
vkwxfggb	9959297369	0	110	1	1	1	1
vlwxfggb	9959297395	0	110	1	1	1	1
vmwxfggb	9959297421	0	110	1	1	1	1
vnwxfggb	9959297447	0	110	1	1	1	1
vowxfggb	9959297473	0	110	1	1	1	1
vpwxfggb	9959297499	0	110	1	1	1	1
vqwxfggb	9959297525	0	110	1	1	1	1
vrwxfggb	9959297551	0	110	1	1	1	1
vswxfggb	9959297577	0	110	1	1	1	1
vtwxfggb	9959297603	0	110	1	1	1	1
vuwxfggb	9959297629	0	110	1	1	1	1
hvwxfggb	9959297641	0	110	1	1	1	1
ivwxfggb	9959297642	0	110	1	1	1	1
jvwxfggb	9959297643	0	110	1	1	1	1
kvwxfggb	9959297644	0	110	1	1	1	1
lvwxfggb	9959297645	0	110	1	1	1	1
mvwxfggb	9959297646	0	110	1	1	1	1
nvwxfggb	9959297647	0	110	1	1	1	1
ovwxfggb	9959297648	0	110	1	1	1	1
pvwxfggb	9959297649	0	110	1	1	1	1
qvwxfggb	9959297650	0	110	1	1	1	1
rvwxfggb	9959297651	0	110	1	1	1	1
svwxfggb	9959297652	0	110	1	1	1	1
tvwxfggb	9959297653	0	110	1	1	1	1
uvwxfggb	9959297654	0	110	1	1	1	1
vvwxfggb	9959297655	0	62	1	1	2	2
wvwxfggb	9959297656	0	110	1	1	1	1
xvwxfggb	9959297657	0	110	1	1	1	1
yvwxfggb	9959297658	0	110	1	1	1	1
vwwxfggb	9959297681	0	110	1	1	1	1
vxwxfggb	9959297707	0	108	1	1	1	1
vywxfggb	9959297733	0	110	1	1	1	1
wvxxfggb	9959298332	0	109	1	1	1	1
vwxxfggb	9959298357	0	109	1	1	1	1
wvyxfggb	9959299008	0	110	1	1	1	1
vwyxfggb	9959299033	0	110	1	1	1	1
vxwyfggb	9959315283	0	108	1	1	1	1
wvxyfggb	9959315908	0	109	1	1	1	1
vwxyfggb	9959315933	0	109	1	1	1	1
vxwfghgb	9971319691	0	94	1	1	1	1
wvxfghgb	9971320316	0	95	1	1	1	1
vwxfghgb	9971320341	0	95	1	1	1	1
vxfgwhgb	9978637391	0	130	1	1	1	1
vfgxwhgb	9978936391	0	110	1	1	1	1
wvfgxhgb	9979094316	0	82	1	1	1	1
vwfgxhgb	9979094341	0	82	1	1	1	1
vfgwxhgb	9979375791	0	111	1	1	1	1
vxwfgigb	9983201067	0	94	1	1	1	1
wvxfgigb	9983201692	0	95	1	1	1	1
vwxfgigb	9983201717	0	95	1	1	1	1
vxfgwigb	9990518767	0	130	1	1	1	1
vfgxwigb	9990817767	0	110	1	1	1	1
wvfgxigb	9990975692	0	82	1	1	1	1
vwfgxigb	9990975717	0	82	1	1	1	1
vfgwxigb	9991257167	0	111	1	1	1	1
vxwfgjgb	9995082443	0	94	1	1	1	1
wvxfgjgb	9995083068	0	95	1	1	1	1
vwxfgjgb	9995083093	0	95	1	1	1	1
vxfgwjgb	10002400143	0	130	1	1	1	1
vfgxwjgb	10002699143	0	110	1	1	1	1
wvfgxjgb	10002857068	0	82	1	1	1	1
vwfgxjgb	10002857093	0	82	1	1	1	1
vfgwxjgb	10003138543	0	111	1	1	1	1
vxwfgkgb	10006963819	0	94	1	1	1	1
wvxfgkgb	10006964444	0	95	1	1	1	1
vwxfgkgb	10006964469	0	95	1	1	1	1
vxfgwkgb	10014281519	0	130	1	1	1	1
vfgxwkgb	10014580519	0	110	1	1	1	1
wvfgxkgb	10014738444	0	82	1	1	1	1
vwfgxkgb	10014738469	0	82	1	1	1	1
vfgwxkgb	10015019919	0	111	1	1	1	1
vxwfglgb	10018845195	0	94	1	1	1	1
wvxfglgb	10018845820	0	95	1	1	1	1
vwxfglgb	10018845845	0	95	1	1	1	1
vxfgwlgb	10026162895	0	130	1	1	1	1
vfgxwlgb	10026461895	0	110	1	1	1	1
wvfgxlgb	10026619820	0	82	1	1	1	1
vwfgxlgb	10026619845	0	82	1	1	1	1
vfgwxlgb	10026901295	0	111	1	1	1	1
vxwfgmgb	10030726571	0	94	1	1	1	1
wvxfgmgb	10030727196	0	95	1	1	1	1
vwxfgmgb	10030727221	0	95	1	1	1	1
vxfgwmgb	10038044271	0	130	1	1	1	1
vfgxwmgb	10038343271	0	110	1	1	1	1
wvfgxmgb	10038501196	0	82	1	1	1	1
vwfgxmgb	10038501221	0	82	1	1	1	1
vfgwxmgb	10038782671	0	111	1	1	1	1
vxwfgngb	10042607947	0	94	1	1	1	1
wvxfgngb	10042608572	0	95	1	1	1	1
vwxfgngb	10042608597	0	95	1	1	1	1
vxfgwngb	10049925647	0	130	1	1	1	1
vfgxwngb	10050224647	0	110	1	1	1	1
wvfgxngb	10050382572	0	82	1	1	1	1
vwfgxngb	10050382597	0	82	1	1	1	1
vfgwxngb	10050664047	0	111	1	1	1	1
vxwfgogb	10054489323	0	94	1	1	1	1
wvxfgogb	10054489948	0	95	1	1	1	1
vwxfgogb	10054489973	0	95	1	1	1	1
vxfgwogb	10061807023	0	130	1	1	1	1
vfgxwogb	10062106023	0	110	1	1	1	1
wvfgxogb	10062263948	0	82	1	1	1	1
vwfgxogb	10062263973	0	82	1	1	1	1
vfgwxogb	10062545423	0	111	1	1	1	1
vxwfgpgb	10066370699	0	94	1	1	1	1
wvxfgpgb	10066371324	0	95	1	1	1	1
vwxfgpgb	10066371349	0	95	1	1	1	1
vxfgwpgb	10073688399	0	130	1	1	1	1
vfgxwpgb	10073987399	0	110	1	1	1	1
wvfgxpgb	10074145324	0	82	1	1	1	1
vwfgxpgb	10074145349	0	82	1	1	1	1
vfgwxpgb	10074426799	0	111	1	1	1	1
vxwfgqgb	10078252075	0	94	1	1	1	1
wvxfgqgb	10078252700	0	95	1	1	1	1
vwxfgqgb	10078252725	0	95	1	1	1	1
vxfgwqgb	10085569775	0	130	1	1	1	1
vfgxwqgb	10085868775	0	110	1	1	1	1
wvfgxqgb	10086026700	0	82	1	1	1	1
vwfgxqgb	10086026725	0	82	1	1	1	1
vfgwxqgb	10086308175	0	111	1	1	1	1
vxwfgrgb	10090133451	0	94	1	1	1	1
wvxfgrgb	10090134076	0	95	1	1	1	1
vwxfgrgb	10090134101	0	95	1	1	1	1
vxfgwrgb	10097451151	0	130	1	1	1	1
vfgxwrgb	10097750151	0	110	1	1	1	1
wvfgxrgb	10097908076	0	82	1	1	1	1
vwfgxrgb	10097908101	0	82	1	1	1	1
vfgwxrgb	10098189551	0	111	1	1	1	1
vxwfgsgb	10102014827	0	94	1	1	1	1
wvxfgsgb	10102015452	0	95	1	1	1	1
vwxfgsgb	10102015477	0	95	1	1	1	1
vxfgwsgb	10109332527	0	130	1	1	1	1
vfgxwsgb	10109631527	0	110	1	1	1	1
wvfgxsgb	10109789452	0	82	1	1	1	1
vwfgxsgb	10109789477	0	82	1	1	1	1
vfgwxsgb	10110070927	0	111	1	1	1	1
vxwfgtgb	10113896203	0	94	1	1	1	1
wvxfgtgb	10113896828	0	95	1	1	1	1
vwxfgtgb	10113896853	0	95	1	1	1	1
vxfgwtgb	10121213903	0	130	1	1	1	1
vfgxwtgb	10121512903	0	110	1	1	1	1
wvfgxtgb	10121670828	0	82	1	1	1	1
vwfgxtgb	10121670853	0	82	1	1	1	1
vfgwxtgb	10121952303	0	111	1	1	1	1
vxwfgugb	10125777579	0	94	1	1	1	1
wvxfgugb	10125778204	0	95	1	1	1	1
vwxfgugb	10125778229	0	95	1	1	1	1
vxfgwugb	10133095279	0	130	1	1	1	1
vfgxwugb	10133394279	0	110	1	1	1	1
wvfgxugb	10133552204	0	82	1	1	1	1
vwfgxugb	10133552229	0	82	1	1	1	1
vfgwxugb	10133833679	0	111	1	1	1	1
vxhfgwgb	10149530191	0	151	1	1	1	1
vxifgwgb	10149530867	0	151	1	1	1	1
vxjfgwgb	10149531543	0	151	1	1	1	1
vxkfgwgb	10149532219	0	151	1	1	1	1
vxlfgwgb	10149532895	0	151	1	1	1	1
vxmfgwgb	10149533571	0	151	1	1	1	1
vxnfgwgb	10149534247	0	151	1	1	1	1
vxofgwgb	10149534923	0	151	1	1	1	1
vxpfgwgb	10149535599	0	151	1	1	1	1
vxqfgwgb	10149536275	0	151	1	1	1	1
vxrfgwgb	10149536951	0	151	1	1	1	1
vxsfgwgb	10149537627	0	151	1	1	1	1
vxtfgwgb	10149538303	0	151	1	1	1	1
vxufgwgb	10149538979	0	151	1	1	1	1
vxwfgwgb	10149540331	0	94	1	1	1	1
vhxfgwgb	10149540591	0	152	1	1	1	1
vixfgwgb	10149540617	0	152	1	1	1	1
vjxfgwgb	10149540643	0	152	1	1	1	1
vkxfgwgb	10149540669	0	152	1	1	1	1
vlxfgwgb	10149540695	0	152	1	1	1	1
vmxfgwgb	10149540721	0	152	1	1	1	1
vnxfgwgb	10149540747	0	152	1	1	1	1
voxfgwgb	10149540773	0	152	1	1	1	1
vpxfgwgb	10149540799	0	152	1	1	1	1
vqxfgwgb	10149540825	0	152	1	1	1	1
vrxfgwgb	10149540851	0	152	1	1	1	1
vsxfgwgb	10149540877	0	152	1	1	1	1
vtxfgwgb	10149540903	0	152	1	1	1	1
vuxfgwgb	10149540929	0	152	1	1	1	1
hvxfgwgb	10149540941	0	152	1	1	1	1
ivxfgwgb	10149540942	0	152	1	1	1	1
jvxfgwgb	10149540943	0	152	1	1	1	1
kvxfgwgb	10149540944	0	152	1	1	1	1
lvxfgwgb	10149540945	0	152	1	1	1	1
mvxfgwgb	10149540946	0	152	1	1	1	1
nvxfgwgb	10149540947	0	152	1	1	1	1
ovxfgwgb	10149540948	0	152	1	1	1	1
pvxfgwgb	10149540949	0	152	1	1	1	1
qvxfgwgb	10149540950	0	152	1	1	1	1
rvxfgwgb	10149540951	0	152	1	1	1	1
svxfgwgb	10149540952	0	152	1	1	1	1
tvxfgwgb	10149540953	0	152	1	1	1	1
uvxfgwgb	10149540954	0	152	1	1	1	1
vvxfgwgb	10149540955	0	92	1	1	1	1
wvxfgwgb	10149540956	0	95	1	1	1	1
xvxfgwgb	10149540957	0	152	1	1	1	1
yvxfgwgb	10149540958	0	152	1	1	1	1
vwxfgwgb	10149540981	0	95	1	1	1	1
vxxfgwgb	10149541007	0	151	1	1	1	1
vyxfgwgb	10149541033	0	152	1	1	1	1
vxyfgwgb	10149541683	0	151	1	1	1	1
vxfghwgb	10150003391	0	130	1	1	1	1
vfgxhwgb	10150302391	0	110	1	1	1	1
vxfgiwgb	10150460367	0	130	1	1	1	1
vfgxiwgb	10150759367	0	110	1	1	1	1
vxfgjwgb	10150917343	0	130	1	1	1	1
vfgxjwgb	10151216343	0	110	1	1	1	1
vxfgkwgb	10151374319	0	130	1	1	1	1
vfgxkwgb	10151673319	0	110	1	1	1	1
vxfglwgb	10151831295	0	130	1	1	1	1
vfgxlwgb	10152130295	0	110	1	1	1	1
vxfgmwgb	10152288271	0	130	1	1	1	1
vfgxmwgb	10152587271	0	110	1	1	1	1
vxfgnwgb	10152745247	0	130	1	1	1	1
vfgxnwgb	10153044247	0	110	1	1	1	1
vxfgowgb	10153202223	0	130	1	1	1	1
vfgxowgb	10153501223	0	110	1	1	1	1
vxfgpwgb	10153659199	0	130	1	1	1	1
vfgxpwgb	10153958199	0	110	1	1	1	1
vxfgqwgb	10154116175	0	130	1	1	1	1
vfgxqwgb	10154415175	0	110	1	1	1	1
vxfgrwgb	10154573151	0	130	1	1	1	1
vfgxrwgb	10154872151	0	110	1	1	1	1
vxfgswgb	10155030127	0	130	1	1	1	1
vfgxswgb	10155329127	0	110	1	1	1	1
vxfgtwgb	10155487103	0	130	1	1	1	1
vfgxtwgb	10155786103	0	110	1	1	1	1
vxfguwgb	10155944079	0	130	1	1	1	1
vfgxuwgb	10156243079	0	110	1	1	1	1
vxfgwwgb	10156858031	0	130	1	1	1	1
vfgxwwgb	10157157031	0	110	1	1	1	1
vhfgxwgb	10157314591	0	132	1	1	1	1
vifgxwgb	10157314617	0	132	1	1	1	1
vjfgxwgb	10157314643	0	132	1	1	1	1
vkfgxwgb	10157314669	0	132	1	1	1	1
vlfgxwgb	10157314695	0	132	1	1	1	1
vmfgxwgb	10157314721	0	132	1	1	1	1
vnfgxwgb	10157314747	0	132	1	1	1	1
vofgxwgb	10157314773	0	132	1	1	1	1
vpfgxwgb	10157314799	0	132	1	1	1	1
vqfgxwgb	10157314825	0	132	1	1	1	1
vrfgxwgb	10157314851	0	132	1	1	1	1
vsfgxwgb	10157314877	0	132	1	1	1	1
vtfgxwgb	10157314903	0	132	1	1	1	1
vufgxwgb	10157314929	0	132	1	1	1	1
hvfgxwgb	10157314941	0	132	1	1	1	1
ivfgxwgb	10157314942	0	132	1	1	1	1
jvfgxwgb	10157314943	0	132	1	1	1	1
kvfgxwgb	10157314944	0	132	1	1	1	1
lvfgxwgb	10157314945	0	132	1	1	1	1
mvfgxwgb	10157314946	0	132	1	1	1	1
nvfgxwgb	10157314947	0	132	1	1	1	1
ovfgxwgb	10157314948	0	132	1	1	1	1
pvfgxwgb	10157314949	0	132	1	1	1	1
qvfgxwgb	10157314950	0	132	1	1	1	1
rvfgxwgb	10157314951	0	132	1	1	1	1
svfgxwgb	10157314952	0	132	1	1	1	1
tvfgxwgb	10157314953	0	132	1	1	1	1
uvfgxwgb	10157314954	0	132	1	1	1	1
vvfgxwgb	10157314955	0	84	1	1	1	1
wvfgxwgb	10157314956	0	82	1	1	1	1
xvfgxwgb	10157314957	0	132	1	1	1	1
yvfgxwgb	10157314958	0	132	1	1	1	1
vwfgxwgb	10157314981	0	82	1	1	1	1
vxfgxwgb	10157315007	0	130	1	1	1	1
vyfgxwgb	10157315033	0	132	1	1	1	1
vfghxwgb	10157332791	0	111	1	1	1	1
vfgixwgb	10157350367	0	111	1	1	1	1
vfgjxwgb	10157367943	0	111	1	1	1	1
vfgkxwgb	10157385519	0	111	1	1	1	1
vfglxwgb	10157403095	0	111	1	1	1	1
vfgmxwgb	10157420671	0	111	1	1	1	1
vfgnxwgb	10157438247	0	111	1	1	1	1
vfgoxwgb	10157455823	0	111	1	1	1	1
vfgpxwgb	10157473399	0	111	1	1	1	1
vfgqxwgb	10157490975	0	111	1	1	1	1
vfgrxwgb	10157508551	0	111	1	1	1	1
vfgsxwgb	10157526127	0	111	1	1	1	1
vfgtxwgb	10157543703	0	111	1	1	1	1
vfguxwgb	10157561279	0	111	1	1	1	1
vfgwxwgb	10157596431	0	111	1	1	1	1
vfgxxwgb	10157614007	0	110	1	1	1	1
vfgyxwgb	10157631583	0	111	1	1	1	1
vxfgywgb	10157771983	0	130	1	1	1	1
vfgxywgb	10158070983	0	110	1	1	1	1
wvhfgxgb	10161411516	0	97	1	1	1	1
vwhfgxgb	10161411541	0	97	1	1	1	1
wvifgxgb	10161412192	0	97	1	1	1	1
vwifgxgb	10161412217	0	97	1	1	1	1
wvjfgxgb	10161412868	0	97	1	1	1	1
vwjfgxgb	10161412893	0	97	1	1	1	1
wvkfgxgb	10161413544	0	97	1	1	1	1
vwkfgxgb	10161413569	0	97	1	1	1	1
wvlfgxgb	10161414220	0	97	1	1	1	1
vwlfgxgb	10161414245	0	97	1	1	1	1
wvmfgxgb	10161414896	0	97	1	1	1	1
vwmfgxgb	10161414921	0	97	1	1	1	1
wvnfgxgb	10161415572	0	97	1	1	1	1
vwnfgxgb	10161415597	0	97	1	1	1	1
wvofgxgb	10161416248	0	97	1	1	1	1
vwofgxgb	10161416273	0	97	1	1	1	1
wvpfgxgb	10161416924	0	97	1	1	1	1
vwpfgxgb	10161416949	0	97	1	1	1	1
wvqfgxgb	10161417600	0	97	1	1	1	1
vwqfgxgb	10161417625	0	97	1	1	1	1
wvrfgxgb	10161418276	0	97	1	1	1	1
vwrfgxgb	10161418301	0	97	1	1	1	1
wvsfgxgb	10161418952	0	97	1	1	1	1
vwsfgxgb	10161418977	0	97	1	1	1	1
wvtfgxgb	10161419628	0	97	1	1	1	1
vwtfgxgb	10161419653	0	97	1	1	1	1
wvufgxgb	10161420304	0	97	1	1	1	1
vwufgxgb	10161420329	0	97	1	1	1	1
whvfgxgb	10161420616	0	97	1	1	1	1
wivfgxgb	10161420642	0	97	1	1	1	1
wjvfgxgb	10161420668	0	97	1	1	1	1
wkvfgxgb	10161420694	0	97	1	1	1	1
wlvfgxgb	10161420720	0	97	1	1	1	1
wmvfgxgb	10161420746	0	97	1	1	1	1
wnvfgxgb	10161420772	0	97	1	1	1	1
wovfgxgb	10161420798	0	97	1	1	1	1
wpvfgxgb	10161420824	0	97	1	1	1	1
wqvfgxgb	10161420850	0	97	1	1	1	1
wrvfgxgb	10161420876	0	97	1	1	1	1
wsvfgxgb	10161420902	0	97	1	1	1	1
wtvfgxgb	10161420928	0	97	1	1	1	1
wuvfgxgb	10161420954	0	97	1	1	1	1
wvvfgxgb	10161420980	0	57	1	1	2	2
fwvfgxgb	10161420989	0	96	1	1	1	1
hwvfgxgb	10161420991	0	97	1	1	1	1
iwvfgxgb	10161420992	0	97	1	1	1	1
jwvfgxgb	10161420993	0	97	1	1	1	1
kwvfgxgb	10161420994	0	97	1	1	1	1
lwvfgxgb	10161420995	0	97	1	1	1	1
mwvfgxgb	10161420996	0	97	1	1	1	1
nwvfgxgb	10161420997	0	97	1	1	1	1
owvfgxgb	10161420998	0	97	1	1	1	1
pwvfgxgb	10161420999	0	97	1	1	1	1
qwvfgxgb	10161421000	0	97	1	1	1	1
rwvfgxgb	10161421001	0	97	1	1	1	1
swvfgxgb	10161421002	0	97	1	1	1	1
twvfgxgb	10161421003	0	97	1	1	1	1
uwvfgxgb	10161421004	0	97	1	1	1	1
vwvfgxgb	10161421005	0	57	1	1	2	2
wwvfgxgb	10161421006	0	97	1	1	1	1
xwvfgxgb	10161421007	0	97	1	1	1	1
ywvfgxgb	10161421008	0	97	1	1	1	1
wxvfgxgb	10161421032	0	97	1	1	1	1
wyvfgxgb	10161421058	0	97	1	1	1	1
vfwfgxgb	10161421239	0	95	1	1	1	1
vhwfgxgb	10161421291	0	97	1	1	1	1
viwfgxgb	10161421317	0	97	1	1	1	1
vjwfgxgb	10161421343	0	97	1	1	1	1
vkwfgxgb	10161421369	0	97	1	1	1	1
vlwfgxgb	10161421395	0	97	1	1	1	1
vmwfgxgb	10161421421	0	97	1	1	1	1
vnwfgxgb	10161421447	0	97	1	1	1	1
vowfgxgb	10161421473	0	97	1	1	1	1
vpwfgxgb	10161421499	0	97	1	1	1	1
vqwfgxgb	10161421525	0	97	1	1	1	1
vrwfgxgb	10161421551	0	97	1	1	1	1
vswfgxgb	10161421577	0	97	1	1	1	1
vtwfgxgb	10161421603	0	97	1	1	1	1
vuwfgxgb	10161421629	0	97	1	1	1	1
hvwfgxgb	10161421641	0	97	1	1	1	1
ivwfgxgb	10161421642	0	97	1	1	1	1
jvwfgxgb	10161421643	0	97	1	1	1	1
kvwfgxgb	10161421644	0	97	1	1	1	1
lvwfgxgb	10161421645	0	97	1	1	1	1
mvwfgxgb	10161421646	0	97	1	1	1	1
nvwfgxgb	10161421647	0	97	1	1	1	1
ovwfgxgb	10161421648	0	97	1	1	1	1
pvwfgxgb	10161421649	0	97	1	1	1	1
qvwfgxgb	10161421650	0	97	1	1	1	1
rvwfgxgb	10161421651	0	97	1	1	1	1
svwfgxgb	10161421652	0	97	1	1	1	1
tvwfgxgb	10161421653	0	97	1	1	1	1
uvwfgxgb	10161421654	0	97	1	1	1	1
vvwfgxgb	10161421655	0	57	1	1	2	2
wvwfgxgb	10161421656	0	97	1	1	1	1
xvwfgxgb	10161421657	0	97	1	1	1	1
yvwfgxgb	10161421658	0	97	1	1	1	1
vwwfgxgb	10161421681	0	97	1	1	1	1
vxwfgxgb	10161421707	0	94	1	1	1	1
vywfgxgb	10161421733	0	97	1	1	1	1
wvxfgxgb	10161422332	0	95	1	1	1	1
vwxfgxgb	10161422357	0	95	1	1	1	1
wvyfgxgb	10161423008	0	97	1	1	1	1
vwyfgxgb	10161423033	0	97	1	1	1	1
wvfghxgb	10161884716	0	83	1	1	1	1
vwfghxgb	10161884741	0	83	1	1	1	1
vfgwhxgb	10162166191	0	112	1	1	1	1
wvfgixgb	10162341692	0	83	1	1	1	1
vwfgixgb	10162341717	0	83	1	1	1	1
vfgwixgb	10162623167	0	112	1	1	1	1
wvfgjxgb	10162798668	0	83	1	1	1	1
vwfgjxgb	10162798693	0	83	1	1	1	1
vfgwjxgb	10163080143	0	112	1	1	1	1
wvfgkxgb	10163255644	0	83	1	1	1	1
vwfgkxgb	10163255669	0	83	1	1	1	1
vfgwkxgb	10163537119	0	112	1	1	1	1
wvfglxgb	10163712620	0	83	1	1	1	1
vwfglxgb	10163712645	0	83	1	1	1	1
vfgwlxgb	10163994095	0	112	1	1	1	1
wvfgmxgb	10164169596	0	83	1	1	1	1
vwfgmxgb	10164169621	0	83	1	1	1	1
vfgwmxgb	10164451071	0	112	1	1	1	1
wvfgnxgb	10164626572	0	83	1	1	1	1
vwfgnxgb	10164626597	0	83	1	1	1	1
vfgwnxgb	10164908047	0	112	1	1	1	1
wvfgoxgb	10165083548	0	83	1	1	1	1
vwfgoxgb	10165083573	0	83	1	1	1	1
vfgwoxgb	10165365023	0	112	1	1	1	1
wvfgpxgb	10165540524	0	83	1	1	1	1
vwfgpxgb	10165540549	0	83	1	1	1	1
vfgwpxgb	10165821999	0	112	1	1	1	1
wvfgqxgb	10165997500	0	83	1	1	1	1
vwfgqxgb	10165997525	0	83	1	1	1	1
vfgwqxgb	10166278975	0	112	1	1	1	1
wvfgrxgb	10166454476	0	83	1	1	1	1
vwfgrxgb	10166454501	0	83	1	1	1	1
vfgwrxgb	10166735951	0	112	1	1	1	1
wvfgsxgb	10166911452	0	83	1	1	1	1
vwfgsxgb	10166911477	0	83	1	1	1	1
vfgwsxgb	10167192927	0	112	1	1	1	1
wvfgtxgb	10167368428	0	83	1	1	1	1
vwfgtxgb	10167368453	0	83	1	1	1	1
vfgwtxgb	10167649903	0	112	1	1	1	1
wvfguxgb	10167825404	0	83	1	1	1	1
vwfguxgb	10167825429	0	83	1	1	1	1
vfgwuxgb	10168106879	0	112	1	1	1	1
wvfgvxgb	10168282380	1	83	0	0	1	0
vwfgvxgb	10168282405	1	83	0	0	1	0
vhfgwxgb	10168738991	0	133	1	1	1	1
vifgwxgb	10168739017	0	133	1	1	1	1
vjfgwxgb	10168739043	0	133	1	1	1	1
vkfgwxgb	10168739069	0	133	1	1	1	1
vlfgwxgb	10168739095	0	133	1	1	1	1
vmfgwxgb	10168739121	0	133	1	1	1	1
vnfgwxgb	10168739147	0	133	1	1	1	1
vofgwxgb	10168739173	0	133	1	1	1	1
vpfgwxgb	10168739199	0	133	1	1	1	1
vqfgwxgb	10168739225	0	133	1	1	1	1
vrfgwxgb	10168739251	0	133	1	1	1	1
vsfgwxgb	10168739277	0	133	1	1	1	1
vtfgwxgb	10168739303	0	133	1	1	1	1
vufgwxgb	10168739329	0	133	1	1	1	1
hvfgwxgb	10168739341	0	133	1	1	1	1
ivfgwxgb	10168739342	0	133	1	1	1	1
jvfgwxgb	10168739343	0	133	1	1	1	1
kvfgwxgb	10168739344	0	133	1	1	1	1
lvfgwxgb	10168739345	0	133	1	1	1	1
mvfgwxgb	10168739346	0	133	1	1	1	1
nvfgwxgb	10168739347	0	133	1	1	1	1
ovfgwxgb	10168739348	0	133	1	1	1	1
pvfgwxgb	10168739349	0	133	1	1	1	1
qvfgwxgb	10168739350	0	133	1	1	1	1
rvfgwxgb	10168739351	0	133	1	1	1	1
svfgwxgb	10168739352	0	133	1	1	1	1
tvfgwxgb	10168739353	0	133	1	1	1	1
uvfgwxgb	10168739354	0	133	1	1	1	1
vvfgwxgb	10168739355	0	85	1	1	1	1
wvfgwxgb	10168739356	0	83	1	1	1	1
xvfgwxgb	10168739357	0	133	1	1	1	1
yvfgwxgb	10168739358	0	133	1	1	1	1
vwfgwxgb	10168739381	0	83	1	1	1	1
vxfgwxgb	10168739407	0	130	1	1	1	1
vyfgwxgb	10168739433	0	133	1	1	1	1
vfghwxgb	10168757191	0	112	1	1	1	1
vfgiwxgb	10168774767	0	112	1	1	1	1
vfgjwxgb	10168792343	0	112	1	1	1	1
vfgkwxgb	10168809919	0	112	1	1	1	1
vfglwxgb	10168827495	0	112	1	1	1	1
vfgmwxgb	10168845071	0	112	1	1	1	1
vfgnwxgb	10168862647	0	112	1	1	1	1
vfgowxgb	10168880223	0	112	1	1	1	1
vfgpwxgb	10168897799	0	112	1	1	1	1
vfgqwxgb	10168915375	0	112	1	1	1	1
vfgrwxgb	10168932951	0	112	1	1	1	1
vfgswxgb	10168950527	0	112	1	1	1	1
vfgtwxgb	10168968103	0	112	1	1	1	1
vfguwxgb	10168985679	0	112	1	1	1	1
vfgwwxgb	10169020831	0	112	1	1	1	1
vfgxwxgb	10169038407	0	110	1	1	1	1
vfgywxgb	10169055983	0	112	1	1	1	1
wvfgxxgb	10169196332	0	82	1	1	1	1
vwfgxxgb	10169196357	0	82	1	1	1	1
vfgwxxgb	10169477807	0	111	1	1	1	1
wvfgyxgb	10169653308	0	83	1	1	1	1
vwfgyxgb	10169653333	0	83	1	1	1	1
vfgwyxgb	10169934783	0	112	1	1	1	1
vxwfgygb	10173303083	0	94	1	1	1	1
wvxfgygb	10173303708	0	95	1	1	1	1
vwxfgygb	10173303733	0	95	1	1	1	1
vxfgwygb	10180620783	0	130	1	1	1	1
vfgxwygb	10180919783	0	110	1	1	1	1
wvfgxygb	10181077708	0	82	1	1	1	1
vwfgxygb	10181077733	0	82	1	1	1	1
vfgwxygb	10181359183	0	111	1	1	1	1
wrcxhcvb	14546409120	0	148	1	1	1	1
wrchcxvb	14793351920	0	148	1	1	1	1
wrchcvxb	15387420720	0	129	1	1	1	1
wrcxhcvc	22578219296	0	148	1	1	1	1
wrchcxvc	22825162096	0	148	1	1	1	1
wrchcvxc	23419230896	0	129	1	1	1	1
wrcxhcvd	30610029472	0	146	1	1	1	1
wrchcxvd	30856972272	0	146	1	1	1	1
wrchcvxd	31451041072	0	128	1	1	1	1
wrcxhcve	38641839648	0	141	1	1	1	1
wrchcxve	38888782448	0	141	1	1	1	1
wrchcvxe	39482851248	0	124	1	1	1	1
wrcxhcvf	46673649824	0	137	1	1	1	1
wrchcxvf	46920592624	0	137	1	1	1	1
wrchcvxf	47514661424	0	127	1	1	1	1
wrcxhcvh	62737270176	0	139	1	1	1	1
wrchcxvh	62984212976	0	139	1	1	1	1
wrchcvxh	63578281776	0	121	1	1	1	1
wrcxhcvj	78800890528	0	147	1	1	1	1
wrchcxvj	79047833328	0	147	1	1	1	1
wrchcvxj	79641902128	0	129	1	1	1	1
wrcxhcvk	86832700704	0	147	1	1	1	1
wrchcxvk	87079643504	0	147	1	1	1	1
wrchcvxk	87673712304	0	129	1	1	1	1
wrcxhcvl	94864510880	0	147	1	1	1	1
wrchcxvl	95111453680	0	147	1	1	1	1
wrchcvxl	95705522480	0	129	1	1	1	1
wrcxhcvo	118959941408	0	147	1	1	1	1
wrchcxvo	119206884208	0	147	1	1	1	1
wrchcvxo	119800953008	0	129	1	1	1	1
wrcxhcvp	126991751584	0	147	1	1	1	1
wrchcxvp	127238694384	0	147	1	1	1	1
wrchcvxp	127832763184	0	129	1	1	1	1
wrcxhcvq	135023561760	0	148	1	1	1	1
wrchcxvq	135270504560	0	148	1	1	1	1
wrchcvxq	135864573360	0	129	1	1	1	1
wrcxhcav	168695381344	0	154	1	1	1	1
wrchcxav	168942324144	0	154	1	1	1	1
wrcxhcbv	169004297120	0	154	1	1	1	1
xwvfcgbv	169049234351	1	149	0	0	1	0
wxvfcgbv	169049234376	1	150	0	0	1	0
xvwfcgbv	169049235001	1	149	0	0	1	0
wrchcxbv	169251239920	0	154	1	1	1	1
wrcxhccv	169313212896	0	154	1	1	1	1
wrcxahcv	169369420944	0	155	1	1	1	1
wrcxbhcv	169369877920	0	155	1	1	1	1
xpwrchcv	169370242909	0	154	1	1	1	1
zxwrchcv	169370243119	0	146	1	1	1	1
xzwrchcv	169370243169	0	145	1	1	1	1
wpxrchcv	169370243584	0	156	1	1	1	1
zwxrchcv	169370243769	0	147	1	1	1	1
wzxrchcv	169370243844	0	147	1	1	1	1
xwzrchcv	169370245119	0	145	1	1	1	1
wxzrchcv	169370245144	0	146	1	1	1	1
wrcxchcv	169370334896	0	155	1	1	1	1
wrcxdhcv	169370791872	0	154	1	1	1	1
wrcxehcv	169371248848	0	154	1	1	1	1
wrcxfhcv	169371705824	0	144	1	1	1	1
wrcxjhcv	169373533728	0	154	1	1	1	1
wrcxkhcv	169373990704	0	154	1	1	1	1
wrcxlhcv	169374447680	0	154	1	1	1	1
wrcxohcv	169375818608	0	154	1	1	1	1
wrcxphcv	169376275584	0	154	1	1	1	1
wrcxqhcv	169376732560	0	155	1	1	1	1
axrcwhcv	169379115594	0	155	1	1	1	1
bxrcwhcv	169379115595	1	155	1	0	1	0
cxrcwhcv	169379115596	1	155	1	0	1	0
dxrcwhcv	169379115597	1	153	1	0	1	0
exrcwhcv	169379115598	1	148	1	0	1	0
fxrcwhcv	169379115599	1	153	1	0	1	0
ixrcwhcv	169379115602	1	155	1	0	1	0
jxrcwhcv	169379115603	1	155	1	0	1	0
kxrcwhcv	169379115604	1	155	1	0	1	0
lxrcwhcv	169379115605	1	155	1	0	1	0
oxrcwhcv	169379115608	1	155	1	0	1	0
pxrcwhcv	169379115609	1	155	1	0	1	0
qxrcwhcv	169379115610	1	155	1	0	1	0
xxrcwhcv	169379115617	1	155	1	0	1	0
zxrcwhcv	169379115619	1	155	1	0	1	0
wrcxwhcv	169379474416	0	155	1	1	1	1
wrcaxhcv	169379527144	0	156	1	1	1	1
wrcbxhcv	169379544720	0	156	1	1	1	1
wrccxhcv	169379562296	0	156	1	1	1	1
wprcxhcv	169379572384	0	156	1	1	1	1
zwrcxhcv	169379572569	0	147	1	1	1	1
wzrcxhcv	169379572644	0	147	1	1	1	1
wrcdxhcv	169379579872	0	154	1	1	1	1
wrcfxhcv	169379615024	0	142	1	1	1	1
wrcjxhcv	169379685328	0	155	1	1	1	1
wrckxhcv	169379702904	0	155	1	1	1	1
wrclxhcv	169379720480	0	155	1	1	1	1
wrcoxhcv	169379773208	0	155	1	1	1	1
wrcpxhcv	169379790784	0	155	1	1	1	1
wrcqxhcv	169379808360	0	156	1	1	1	1
wrcwxhcv	169379913816	0	156	1	1	1	1
wrcxxhcv	169379931392	0	155	1	1	1	1
wrchcxcv	169560155696	0	154	1	1	1	1
wrcxhcjv	171475623328	0	153	1	1	1	1
wrchcxjv	171722566128	0	153	1	1	1	1
wrcxhckv	171784539104	0	153	1	1	1	1
wrchcxkv	172031481904	0	153	1	1	1	1
wrcxhclv	172093454880	0	153	1	1	1	1
wrchcxlv	172340397680	0	153	1	1	1	1
wrcxhcov	173020202208	0	153	1	1	1	1
wrchcxov	173267145008	0	153	1	1	1	1
wrcxhcpv	173329117984	0	153	1	1	1	1
wrchcxpv	173576060784	0	153	1	1	1	1
wrcxhcqv	173638033760	0	154	1	1	1	1
wrchcxqv	173884976560	0	154	1	1	1	1
xvfcgbwv	175478823101	1	149	0	0	1	0
axrchcwv	175491169594	0	154	1	1	1	1
bxrchcwv	175491169595	1	154	1	0	1	0
cxrchcwv	175491169596	1	154	1	0	1	0
dxrchcwv	175491169597	1	152	1	0	1	0
exrchcwv	175491169598	1	147	1	0	1	0
fxrchcwv	175491169599	1	152	1	0	1	0
ixrchcwv	175491169602	1	154	1	0	1	0
jxrchcwv	175491169603	1	154	1	0	1	0
kxrchcwv	175491169604	1	154	1	0	1	0
lxrchcwv	175491169605	1	154	1	0	1	0
oxrchcwv	175491169608	1	154	1	0	1	0
pxrchcwv	175491169609	1	154	1	0	1	0
qxrchcwv	175491169610	1	154	1	0	1	0
xxrchcwv	175491169617	1	154	1	0	1	0
zxrchcwv	175491169619	1	154	1	0	1	0
wrcxhcwv	175491528416	0	154	1	1	1	1
wrchcxwv	175738471216	0	154	1	1	1	1
wrchcaxv	175774115344	0	155	1	1	1	1
wrchcbxv	175785996720	0	155	1	1	1	1
wrchccxv	175797878096	0	155	1	1	1	1
wrcahcxv	175800039944	0	156	1	1	1	1
wrcbhcxv	175800057520	0	156	1	1	1	1
wrcchcxv	175800075096	0	156	1	1	1	1
wprchcxv	175800085184	0	156	1	1	1	1
zwrchcxv	175800085369	0	147	1	1	1	1
wzrchcxv	175800085444	0	147	1	1	1	1
wrcdhcxv	175800092672	0	155	1	1	1	1
wrcehcxv	175800110248	0	155	1	1	1	1
wrcfhcxv	175800127824	0	145	1	1	1	1
wrcjhcxv	175800198128	0	155	1	1	1	1
wrckhcxv	175800215704	0	155	1	1	1	1
wrclhcxv	175800233280	0	155	1	1	1	1
wrcohcxv	175800286008	0	155	1	1	1	1
wrcphcxv	175800303584	0	155	1	1	1	1
wrcqhcxv	175800321160	0	156	1	1	1	1
wrcwhcxv	175800426616	0	156	1	1	1	1
wrcxhcxv	175800444192	0	154	1	1	1	1
wrchcdxv	175809759472	0	153	1	1	1	1
wrchcfxv	175833522224	0	142	1	1	1	1
wrchcjxv	175881047728	0	154	1	1	1	1
wrchckxv	175892929104	0	154	1	1	1	1
wrchclxv	175904810480	0	154	1	1	1	1
wrchcoxv	175940454608	0	154	1	1	1	1
wrchcpxv	175952335984	0	154	1	1	1	1
wrchcqxv	175964217360	0	155	1	1	1	1
wrchcwxv	176035505616	0	155	1	1	1	1
wrchcxxv	176047386992	0	154	1	1	1	1
xwrchczv	176417916919	0	144	1	1	1	1
wxrchczv	176417916944	0	145	1	1	1	1
wrcxhczv	176418275744	0	145	1	1	1	1
vfgvxgbw	177090911655	0	102	1	1	1	1
axrchcvw	183214063994	0	148	1	1	1	1
bxrchcvw	183214063995	1	148	1	0	1	0
cxrchcvw	183214063996	1	148	1	0	1	0
dxrchcvw	183214063997	1	146	1	0	1	0
fxrchcvw	183214063999	1	146	1	0	1	0
ixrchcvw	183214064002	1	148	1	0	1	0
jxrchcvw	183214064003	1	148	1	0	1	0
kxrchcvw	183214064004	1	148	1	0	1	0
lxrchcvw	183214064005	1	148	1	0	1	0
oxrchcvw	183214064008	1	148	1	0	1	0
pxrchcvw	183214064009	1	148	1	0	1	0
qxrchcvw	183214064010	1	148	1	0	1	0
xxrchcvw	183214064017	1	147	1	0	1	0
zxrchcvw	183214064019	1	148	1	0	1	0
wrcxhcvw	183214422816	0	148	1	1	1	1
wrchcxvw	183461365616	0	148	1	1	1	1
vfcgbvxw	184054959551	1	131	0	0	1	0
wrchcvxw	184055434416	0	129	1	1	1	1
wrchcvax	184982181744	0	130	1	1	1	1
wrchcvbx	185291097520	0	130	1	1	1	1
wrchcvcx	185600013296	0	130	1	1	1	1
wrchcvdx	185908929072	0	128	1	1	1	1
wrchcvfx	186526760624	0	118	1	1	1	1
wrchcvhx	187144592176	0	121	1	1	1	1
wrchcvjx	187762423728	0	129	1	1	1	1
wrchcvkx	188071339504	0	129	1	1	1	1
wrchcvlx	188380255280	0	129	1	1	1	1
wrchcvox	189307002608	0	129	1	1	1	1
wrchcvpx	189615918384	0	129	1	1	1	1
wrchcvqx	189924834160	0	130	1	1	1	1
wrchcavx	191219904144	0	136	1	1	1	1
wrchcbvx	191231785520	0	136	1	1	1	1
vwfcgbvx	191233527701	1	143	0	0	1	0
wrchccvx	191243666896	0	136	1	1	1	1
wrcahcvx	191245828744	0	137	1	1	1	1
wrcbhcvx	191245846320	0	137	1	1	1	1
wrcchcvx	191245863896	0	137	1	1	1	1
wprchcvx	191245873984	0	137	1	1	1	1
zwrchcvx	191245874169	0	128	1	1	1	1
wzrchcvx	191245874244	0	128	1	1	1	1
wrcdhcvx	191245881472	0	136	1	1	1	1
wrcehcvx	191245899048	0	136	1	1	1	1
wrcfhcvx	191245916624	0	126	1	1	1	1
wrcjhcvx	191245986928	0	136	1	1	1	1
wrckhcvx	191246004504	0	136	1	1	1	1
wrclhcvx	191246022080	0	136	1	1	1	1
wrcohcvx	191246074808	0	136	1	1	1	1
wrcphcvx	191246092384	0	136	1	1	1	1
wrcqhcvx	191246109960	0	137	1	1	1	1
wrcwhcvx	191246215416	0	137	1	1	1	1
wrcxhcvx	191246232992	0	137	1	1	1	1
wrchcjvx	191326836528	0	135	1	1	1	1
wrchckvx	191338717904	0	135	1	1	1	1
wrchclvx	191350599280	0	135	1	1	1	1
wrchcovx	191386243408	0	135	1	1	1	1
wrchcpvx	191398124784	0	135	1	1	1	1
wrchcqvx	191410006160	0	136	1	1	1	1
vfcgbwvx	191480819551	1	132	0	0	1	0
wrchcwvx	191481294416	0	136	1	1	1	1
wrchcxvx	191493175792	0	136	1	1	1	1
vfcgbvwx	191777853951	1	132	0	0	1	0
wrchcvwx	191778328816	0	130	1	1	1	1
wrchcvxx	192087244592	0	129	1	1	1	1
wrchcvzx	192705076144	0	121	1	1	1	1
xwrchcvz	207309494519	0	139	1	1	1	1
wxrchcvz	207309494544	0	140	1	1	1	1
wrcxhcvz	207309853344	0	140	1	1	1	1
wrchcxvz	207556796144	0	140	1	1	1	1
wrchcvxz	208150864944	0	129	1	1	1	1
